ram,battery_power,px_width,px_height,mobile_wt,int_memory,n_cores,sc_h,sc_w,talk_time,price_range
2549,842,756,20,188,7,2,9,7,19,1
2631,1021,1988,905,136,53,3,17,3,7,2
2603,563,1716,1263,145,41,5,11,2,9,2
2769,615,1786,1216,131,10,6,16,8,11,2
1411,1821,1212,1208,141,44,2,8,2,15,1
1067,1859,1654,1004,164,22,1,17,1,10,1
3220,1821,1018,381,139,10,8,13,8,18,3
700,1954,1149,512,187,24,4,16,3,5,0
1099,1445,836,386,174,53,7,17,1,20,0
513,509,1224,1137,93,9,5,19,10,12,0
3946,769,874,248,182,9,5,5,2,7,3
3826,1520,1005,151,177,33,8,14,9,13,3
1482,1815,748,607,159,33,4,18,0,2,1
2680,803,1440,344,198,17,4,7,1,4,2
373,1866,563,356,185,52,1,14,9,3,0
568,775,1864,862,159,46,2,17,15,11,0
3554,838,1850,984,196,13,8,10,9,19,3
3752,595,810,441,121,23,3,10,2,18,3
1835,1131,878,658,101,49,5,19,13,16,1
2337,682,1064,902,121,19,4,11,1,18,1
2819,772,1854,1314,81,39,7,17,15,3,3
3283,1709,1385,974,156,13,2,17,1,15,3
1433,1949,822,407,199,47,4,11,5,20,1
1037,1602,788,466,114,38,3,8,7,20,0
2583,503,1245,201,111,8,3,11,0,12,1
2782,961,1434,291,114,57,8,18,9,7,2
3763,519,645,550,132,51,4,16,1,4,3
3286,956,1075,511,143,41,7,17,8,12,3
2373,1453,1311,187,96,52,2,10,1,10,2
478,851,1263,1171,200,21,5,12,7,10,0
3532,1579,1739,1358,88,5,7,17,11,12,3
508,1568,654,413,150,33,8,5,1,6,0
2227,1319,1152,85,107,41,1,18,5,3,1
3845,1310,1919,178,100,51,4,7,0,12,3
1262,644,881,311,157,22,8,12,1,15,0
1326,725,1249,1134,160,60,8,10,4,15,1
2113,589,815,429,160,61,4,13,7,2,1
3429,1725,1307,609,119,6,2,6,5,4,3
3169,790,730,347,87,11,6,6,1,2,2
2150,560,1613,1448,159,50,2,18,12,11,2
2484,1347,967,434,132,44,1,18,2,11,2
3339,1646,1932,1725,185,41,2,18,10,19,3
1878,1253,714,685,152,5,2,15,0,4,1
1629,1656,1456,880,166,34,3,15,12,14,1
504,1195,1652,1580,110,20,2,9,3,12,0
1152,1514,1810,186,118,27,3,8,3,20,1
3587,1723,1791,202,164,42,8,10,5,3,3
2296,1054,774,27,196,40,7,16,12,12,1
1270,578,1433,1025,162,57,8,15,3,5,0
3238,596,1854,885,111,64,8,16,13,10,3
2059,1547,1832,1042,198,14,3,5,0,15,2
2053,1760,1383,1382,127,63,8,19,12,16,2
3112,1654,629,546,109,43,2,12,5,10,3
1440,1457,1287,1013,102,16,3,17,8,12,1
2908,1073,804,690,145,51,7,6,0,18,2
2552,1936,1036,667,104,46,3,14,7,13,2
905,823,1449,822,148,60,8,14,11,17,0
3963,987,820,581,107,61,3,9,4,20,3
2056,1757,713,265,180,49,6,7,5,4,1
2910,1063,683,127,128,48,5,15,13,9,2
1457,1484,969,916,134,12,3,14,4,20,1
431,799,975,361,144,63,8,15,6,6,0
470,1156,547,322,159,50,2,7,0,15,0
2148,1720,1353,753,168,55,2,14,2,5,2
2955,702,1570,504,141,9,3,10,4,19,2
3366,616,1618,651,81,44,3,18,8,13,3
3068,1358,1858,1565,155,36,4,9,4,4,3
3834,1866,1781,108,182,30,3,16,11,8,3
1050,1242,1225,459,165,10,2,11,1,4,0
3993,1166,603,205,80,43,4,7,1,7,3
3378,1448,1724,570,138,45,7,13,11,2,3
2192,1407,1217,1172,104,22,4,9,7,13,2
392,605,1026,160,142,9,3,15,6,4,0
3709,1038,638,4,141,43,1,11,0,12,3
590,797,1413,763,90,38,4,9,2,6,0
1814,819,1242,339,188,42,6,5,4,13,1
907,1114,1071,1040,197,9,3,10,7,17,0
1449,1234,778,166,172,33,1,11,7,6,0
3448,1199,1552,1168,116,16,4,17,13,10,3
1837,1103,1486,990,111,29,6,8,7,16,1
3464,1589,1206,319,85,58,7,19,10,6,3
2593,999,1616,1397,199,64,4,14,11,16,2
3484,1510,1752,708,180,45,5,9,6,11,3
2009,1008,1122,1077,114,61,3,10,3,11,1
2048,1127,1049,928,163,57,1,11,5,17,1
837,1412,1894,516,96,25,8,15,9,4,1
854,1496,741,96,182,42,5,16,0,7,0
3210,1083,1118,1025,178,64,3,13,3,4,3
2746,668,1203,666,155,3,5,9,5,8,2
2334,1309,1402,557,100,33,4,10,1,11,2
2822,1724,1924,1605,177,57,3,19,3,16,3
1971,1977,1242,1226,171,54,7,18,7,14,2
1410,885,802,769,103,15,7,16,10,5,0
349,879,1105,403,83,14,6,16,10,2,0
1418,1322,1990,177,140,7,3,19,17,12,1
3616,1137,1179,942,196,7,3,13,5,12,3
880,1355,891,651,132,23,5,19,4,8,0
1601,1665,1684,1572,194,60,6,18,17,14,2
1412,657,961,476,141,37,2,14,3,18,0
1692,593,1317,1233,156,31,7,6,2,7,1
2600,1883,1739,836,146,10,6,16,8,20,3
1308,1732,881,824,119,12,8,16,7,11,1
2413,543,984,391,192,57,5,17,14,15,1
1047,1939,520,320,199,55,4,14,10,18,0
1204,553,902,325,121,8,7,11,4,8,0
1799,832,1504,125,103,39,4,5,2,11,1
2676,1661,1634,846,172,23,5,12,6,11,3
2597,1657,1796,1770,198,42,5,18,1,14,3
3029,1135,1846,293,83,46,1,19,17,9,3
2343,1775,1869,1633,163,41,1,19,13,14,3
2016,783,1471,1198,106,43,3,16,4,18,1
2213,617,874,768,199,32,7,18,13,7,1
790,867,1974,70,135,4,6,13,6,3,0
3182,1310,513,117,194,7,5,8,4,5,2
3472,1804,1244,1158,153,22,7,9,1,20,3
2871,1900,1661,1055,89,18,7,12,1,13,3
3187,909,973,635,82,53,8,12,9,4,2
1945,1084,771,322,107,40,3,15,4,10,1
488,1308,989,275,199,46,1,5,3,9,0
1214,1778,1954,1445,102,15,3,5,0,14,1
2598,1701,1338,550,194,10,8,12,9,6,2
3242,772,1712,1242,80,10,4,18,11,4,3
3534,825,863,597,130,52,3,10,4,6,3
3426,1379,1376,538,200,36,2,5,4,17,3
2488,1166,1203,59,198,25,5,13,5,15,2
3255,1659,902,819,89,16,1,19,14,9,3
2863,826,786,179,88,58,4,9,3,18,2
1496,1564,1965,1259,189,25,6,6,4,7,1
3801,1957,1732,396,181,31,3,12,0,7,3
666,1571,1398,713,100,19,6,12,10,13,0
3799,1414,829,262,99,54,7,17,7,7,3
1366,1790,792,622,184,2,1,7,0,20,1
2962,645,580,327,197,41,7,12,9,4,2
2399,668,1056,522,195,30,8,10,5,7,1
2338,1652,1264,313,89,36,4,12,8,20,2
2700,1213,1248,226,108,16,5,12,3,9,2
2235,1272,669,605,133,22,6,19,4,4,1
3825,866,1686,692,179,46,8,12,11,2,3
284,536,1539,1386,182,3,7,12,9,4,0
1427,523,1042,304,155,14,8,9,1,9,0
1324,1753,1926,1590,134,31,1,17,0,17,2
398,1218,616,229,147,14,3,17,0,5,0
3685,1537,1131,839,137,43,1,18,17,17,3
2390,786,1697,507,141,33,7,12,11,5,2
278,1678,536,436,134,64,3,19,0,10,0
3556,1814,786,756,141,9,2,18,12,16,3
2196,1101,1269,387,148,31,2,12,6,19,1
3799,1461,1298,1265,141,40,7,16,1,4,3
2268,1216,1967,1852,199,47,3,13,5,4,2
2965,506,1025,875,159,41,1,13,10,15,2
2341,843,800,140,147,56,5,10,1,20,1
3557,742,1359,577,190,56,7,16,11,12,3
1354,1692,1996,975,176,61,6,16,7,19,1
2147,1485,1013,510,84,32,2,19,1,11,2
505,1547,590,583,166,45,2,12,2,3,0
1394,1692,1925,674,139,46,1,16,10,6,1
374,637,1989,1125,97,60,4,18,4,8,0
506,1224,826,747,109,6,6,10,0,11,0
3702,1356,1983,1612,198,29,6,17,0,19,3
1078,1840,1545,311,142,34,1,8,0,10,1
2945,1481,1533,116,96,37,5,10,5,16,2
2981,961,621,554,152,51,6,15,6,7,2
490,1296,1272,811,124,14,5,7,1,4,0
536,1193,1729,730,166,26,1,17,14,4,0
2317,1441,1071,577,118,3,8,16,4,7,2
3704,517,974,660,183,33,4,17,16,11,3
2126,748,1554,450,150,27,8,18,9,7,1
2050,1126,1611,1223,160,10,6,7,6,12,2
2462,1572,1937,1109,157,58,7,12,8,10,3
1260,1569,1942,45,110,44,4,9,2,17,1
3770,1270,845,299,101,32,7,5,3,13,3
1886,1854,627,506,101,8,5,17,4,20,1
3323,625,842,635,183,10,4,9,1,7,2
2060,1577,1737,1045,197,42,5,19,6,12,2
3926,534,1199,393,189,16,5,16,12,20,3
2177,946,1740,650,143,25,6,7,5,13,2
728,685,648,433,93,29,7,14,8,4,0
2478,1949,1136,839,101,23,5,14,8,20,3
2842,947,1220,1176,197,22,2,16,12,2,2
1617,801,879,650,165,63,7,17,4,19,1
1472,703,1065,218,113,30,1,14,7,7,0
764,1165,831,564,178,41,6,19,12,15,0
2337,1082,1191,986,198,38,8,6,1,17,2
3965,959,1631,561,84,20,4,16,1,6,3
3693,1502,588,65,138,54,5,17,14,16,3
797,1380,500,420,92,4,3,13,2,15,0
1687,1266,1698,1365,95,5,6,11,0,18,2
2940,1934,1299,619,103,46,1,13,9,2,3
1545,1905,898,849,151,6,1,9,5,10,1
3834,1831,1381,611,150,43,5,17,7,13,3
2505,596,984,953,165,46,1,15,4,15,1
2243,1562,1533,642,190,7,5,12,10,6,2
3600,1490,1464,1417,150,64,8,17,9,7,3
3971,1523,539,247,117,57,2,18,12,10,3
2844,640,1179,710,163,20,4,7,5,18,2
2227,1526,751,718,117,23,7,18,10,3,2
1665,1989,1497,1100,94,41,3,17,9,12,2
3355,1308,1215,59,106,61,3,15,2,4,3
1866,609,1948,938,93,26,4,11,10,14,1
1287,1905,1542,825,119,36,3,13,4,16,1
1046,1703,1235,286,192,22,1,5,4,13,0
1441,1445,1345,1273,173,20,7,7,4,13,1
690,1087,589,295,166,16,3,14,6,6,0
2504,671,1182,852,105,30,7,6,4,15,2
2677,1472,1052,710,168,61,6,19,15,8,2
2243,765,1429,1277,115,47,8,11,7,4,2
2984,1642,873,129,171,8,6,13,4,17,2
1362,1265,836,690,182,49,5,5,0,12,1
3629,664,1478,701,110,51,7,19,15,6,3
3559,1277,1460,309,142,35,6,18,17,6,3
2571,1395,705,213,111,23,3,11,0,13,2
2107,1539,1666,1112,159,41,8,15,9,10,2
1022,1049,1077,199,135,63,5,11,3,13,0
2844,1827,1020,55,128,39,5,14,9,10,2
711,903,1235,1230,91,50,1,9,5,10,0
3117,1987,1516,1052,181,53,3,18,5,8,3
978,1154,1499,541,181,49,8,5,3,7,0
1869,1336,583,55,194,17,5,13,1,16,1
1179,1886,1958,809,112,24,3,16,7,20,1
3844,1551,1995,1738,88,51,5,11,8,4,3
593,850,642,404,133,29,5,19,17,10,0
588,660,1178,262,111,40,2,6,5,18,0
3836,1225,1404,759,116,13,4,12,11,11,3
2669,1452,1040,42,123,25,6,12,10,13,2
2958,1686,1453,397,166,38,4,14,11,2,3
3031,1634,1677,964,200,17,2,11,6,6,3
3388,1708,517,233,109,49,1,6,4,16,3
2377,1151,1560,1022,128,31,8,18,8,13,2
2458,1578,1226,411,138,37,4,19,16,3,2
2766,1689,1200,954,127,24,3,7,2,7,3
3054,1488,1647,1528,112,39,5,14,10,19,3
3791,1313,1308,416,105,9,1,11,10,6,3
625,1715,1615,638,83,31,8,17,6,13,0
2227,1442,687,231,192,27,3,6,5,20,1
3256,528,637,574,142,6,2,9,8,6,2
707,1523,1606,148,129,11,1,19,8,19,0
1457,1133,1543,730,199,42,5,18,12,20,1
3755,1718,980,564,183,6,5,7,1,8,3
1733,1330,1441,1290,183,38,7,9,0,11,1
720,1799,1383,632,107,49,4,12,2,11,0
3560,633,1009,529,139,49,8,11,1,16,2
2311,724,1754,1273,187,44,7,7,6,7,2
3846,822,860,667,157,51,6,10,1,3,3
1717,1918,1543,1170,110,10,5,7,1,16,2
3704,1891,1108,169,129,37,7,8,6,11,3
3800,1373,673,105,127,50,7,8,3,14,3
278,862,1758,793,165,23,2,16,3,11,0
1767,1273,886,490,99,48,4,18,15,11,1
1846,957,1485,1201,107,7,5,12,5,7,1
829,1617,1038,246,105,30,2,9,0,10,0
2986,893,946,417,183,55,2,7,1,6,2
2394,1210,1462,1177,93,63,5,17,9,7,2
2169,708,654,78,195,63,8,6,5,7,1
1181,835,1604,323,101,7,4,13,5,15,0
575,1450,1882,707,131,19,1,15,9,12,0
2977,973,1816,457,190,57,7,6,4,2,2
532,601,765,356,154,4,4,12,8,10,0
1702,507,1398,936,141,32,7,17,0,5,1
1074,564,1980,912,168,51,3,14,8,15,0
3352,1559,1559,179,162,6,6,9,1,3,3
1027,754,1928,1914,178,59,7,6,3,5,1
2039,728,1529,526,88,25,4,5,1,12,1
461,1431,952,156,191,56,1,7,3,8,0
527,767,1517,344,175,28,4,10,0,15,0
3271,1722,1741,865,177,18,2,14,0,15,3
606,1992,1596,1552,100,57,2,9,3,4,1
2513,1876,1564,546,86,40,6,10,8,16,3
1675,1054,1222,1097,136,38,6,18,4,14,1
2698,1283,692,372,93,47,5,9,6,17,2
1129,1281,1617,1285,148,28,1,12,1,6,1
468,1066,1571,1242,114,7,7,19,13,6,0
1210,730,1247,302,89,4,8,19,15,4,0
3086,1053,1767,594,103,45,1,17,6,5,3
1595,1611,714,303,98,3,3,8,4,9,1
2332,793,1935,1858,133,30,2,17,13,14,2
2589,1220,1933,403,125,62,4,19,11,15,2
3760,1662,1509,32,126,61,4,9,5,13,3
1851,1281,954,590,144,8,4,8,2,9,1
417,538,662,235,177,2,7,8,4,9,0
294,823,888,630,187,39,8,13,9,11,0
3576,1733,527,357,119,36,6,17,16,9,3
3945,1429,820,246,100,40,3,11,7,18,3
927,1839,1493,475,200,54,7,19,10,18,1
2044,659,1929,1054,110,6,3,15,5,2,1
2334,1953,764,555,158,56,8,11,5,4,2
1477,1172,1092,607,164,27,1,12,0,6,1
3161,612,1891,1360,102,16,7,8,4,3,3
3660,1563,1699,142,170,24,8,7,5,5,3
1604,1191,683,681,84,26,1,14,3,9,1
2211,615,1664,104,163,42,6,7,4,18,1
3822,1893,763,637,134,63,2,14,3,18,3
3922,1563,572,410,151,16,7,11,1,8,3
1203,1995,1963,1830,139,9,6,14,12,18,2
2822,1517,1489,802,143,48,5,15,5,11,3
447,832,1294,311,108,34,5,15,13,12,0
1652,1162,997,56,114,56,7,5,0,20,1
3608,1595,655,344,121,12,8,15,1,16,3
1228,1329,1458,1053,181,52,6,8,6,6,1
666,928,1243,221,80,56,8,19,10,5,0
1499,1656,519,506,105,38,7,12,8,19,1
3321,1937,1767,1728,189,58,1,5,4,14,3
1206,977,566,63,181,57,6,7,1,8,0
952,768,515,418,113,56,1,19,3,16,0
3927,1464,1168,854,117,12,2,5,3,15,3
311,1177,882,178,191,29,2,18,5,19,0
955,1348,1942,1869,98,52,3,18,11,7,1
1109,1956,776,185,87,37,3,13,1,19,1
2969,1751,564,170,178,8,6,8,6,17,2
725,1530,1975,454,177,42,6,11,10,19,0
1655,1997,1212,866,185,40,4,7,6,15,2
3490,1414,1118,44,180,44,2,16,12,13,3
1774,1707,1388,1331,80,41,7,12,0,10,2
3615,894,1462,1285,199,50,3,13,0,6,3
714,645,1130,741,184,41,8,18,2,13,0
2768,1163,754,520,155,49,2,19,2,12,2
3739,1126,1726,114,165,49,8,14,1,13,3
610,1648,1876,1153,170,64,4,8,1,6,1
715,1170,709,474,199,14,2,18,5,20,0
663,508,557,39,94,42,1,13,12,7,0
1725,1097,1914,419,161,64,3,14,5,9,1
834,728,775,584,101,5,2,16,0,5,0
3865,1980,1910,312,177,29,1,12,10,18,3
3059,1504,1923,19,182,64,1,6,5,10,3
651,1379,1370,207,83,63,1,9,6,7,0
796,1698,994,363,160,18,6,13,3,14,0
785,920,1078,209,115,25,7,10,7,5,0
3252,1144,724,159,189,21,1,16,0,8,2
1322,1995,1104,649,129,26,1,15,11,7,1
2832,1430,1182,1132,183,27,1,7,1,15,2
1615,972,1795,1392,193,13,5,11,6,13,1
2125,662,1224,1001,138,20,1,17,15,15,1
990,1867,1442,712,191,9,6,6,1,2,1
1595,1730,1023,418,143,20,4,14,0,12,1
1213,1723,1361,384,126,7,3,5,0,16,1
2500,1882,652,119,140,47,2,17,1,11,2
2801,803,935,627,106,18,4,18,15,12,2
3451,580,1345,1086,91,47,3,15,1,11,3
1201,668,1292,195,114,48,1,14,12,4,0
3139,1391,1256,14,182,36,1,14,7,14,2
1938,1560,1364,745,169,22,7,15,11,16,2
3185,821,1786,253,109,54,3,8,4,15,2
2111,811,1429,333,106,2,6,18,7,2,1
2369,1989,682,629,193,17,8,7,0,18,2
3625,1034,1199,707,120,37,7,17,1,12,3
1051,618,1688,1314,86,6,1,13,10,15,0
1036,654,1898,1715,196,52,4,17,4,13,1
2938,576,1438,513,184,10,5,6,0,5,2
2855,667,1463,13,185,3,6,5,0,19,2
2727,869,1584,1243,118,57,1,13,3,8,2
2973,635,1059,300,149,42,3,12,5,18,2
2581,609,1253,58,117,44,1,15,11,15,1
2690,1557,1442,1107,123,2,5,18,16,9,3
916,1604,939,134,191,33,8,13,10,12,0
2563,1182,986,275,138,8,8,19,17,19,2
3359,848,1029,176,148,19,7,10,0,14,2
941,1610,1280,1236,181,64,4,8,4,9,1
2280,1828,898,336,199,17,1,17,14,4,2
827,880,1381,1116,194,50,7,15,9,6,0
473,1394,1565,1010,175,62,5,11,1,20,0
3865,1960,1299,205,86,61,7,10,7,11,3
1274,809,1726,1453,91,21,7,18,7,3,1
364,899,1331,788,172,57,2,11,1,7,0
3699,1976,1922,1301,171,32,2,17,11,13,3
2927,879,1038,463,187,21,4,14,13,11,2
1470,916,992,188,195,36,4,13,0,14,0
1050,763,1186,1028,92,2,8,6,4,8,0
2616,508,1920,1419,162,9,6,18,8,10,2
2915,825,1866,1471,99,34,8,8,2,10,3
2686,1864,981,168,178,46,1,11,7,18,2
1243,1725,1195,1125,185,52,6,19,18,5,1
3264,1108,1706,130,183,52,2,16,1,13,3
2261,1011,749,481,131,36,7,7,6,16,1
2993,1703,1711,1411,138,55,5,5,1,20,3
706,1067,681,79,135,58,7,12,9,16,0
2542,1334,1974,1187,115,42,5,10,1,8,3
2523,775,1510,561,189,30,7,17,16,9,2
336,1899,814,96,151,26,2,13,11,4,0
2457,930,1025,77,97,14,6,11,7,17,1
418,1058,1247,493,166,19,4,9,7,16,0
3917,1187,1814,1173,145,46,2,13,11,8,3
1246,1874,1233,964,166,8,7,8,1,2,1
2971,1482,642,634,142,48,7,12,8,12,2
2324,1809,721,639,174,59,3,10,6,16,2
3121,864,1670,127,187,54,2,18,2,16,2
3801,625,550,431,191,33,1,10,6,2,2
3333,1880,699,71,138,18,3,17,15,7,3
3475,1138,1138,111,187,44,8,19,3,3,3
2360,560,1903,356,146,23,8,17,16,18,1
2895,1117,817,798,144,12,7,7,6,16,2
3652,1712,1126,747,137,63,7,16,1,19,3
3097,1836,1139,408,134,26,6,5,0,18,3
2101,1036,926,373,119,39,7,10,7,2,1
3918,1860,1506,1362,162,23,4,9,2,8,3
3869,1375,726,475,145,9,7,19,18,10,3
732,1945,1753,743,195,57,4,14,1,14,1
3684,1896,794,447,141,7,2,9,7,18,3
3969,788,1161,42,91,57,8,12,8,6,3
1414,880,1350,30,173,33,2,12,1,7,0
1892,1323,619,162,131,28,4,10,0,15,1
3131,1868,660,347,169,42,1,8,3,7,3
2532,1266,1468,346,184,7,3,10,5,4,2
3215,1042,1705,727,93,50,7,18,0,20,3
3323,1479,1476,180,156,19,3,13,12,6,3
1529,1476,1666,1641,171,55,4,13,8,3,2
2403,1552,1026,269,123,13,6,9,2,9,2
3419,1454,1033,250,83,34,4,7,5,5,3
3648,1007,1529,1186,95,45,5,9,0,16,3
1974,652,559,77,173,17,5,12,10,12,0
2806,1504,973,507,142,34,8,7,2,7,2
2239,1726,1223,379,193,51,4,13,9,13,2
582,1029,956,264,171,5,5,15,7,4,0
3890,1582,1797,1486,112,44,6,17,10,10,3
1141,1478,882,694,99,48,5,5,2,6,1
2511,1178,596,579,101,49,5,6,3,17,2
3838,707,574,495,131,25,3,9,2,7,3
2734,755,990,315,186,51,4,10,1,16,2
2330,912,1053,329,161,54,8,19,5,20,1
2244,651,858,548,176,63,5,14,9,19,1
1851,1483,758,531,176,54,7,15,13,2,1
808,914,1495,191,100,4,2,11,7,5,0
1587,1456,1104,823,105,7,5,6,5,20,1
2492,1178,1352,96,84,57,3,16,14,10,2
2122,1503,1304,841,166,43,4,15,1,2,2
1122,1681,1205,195,158,11,2,12,6,16,0
3709,715,562,21,160,48,4,14,2,10,2
3021,1876,585,235,182,56,3,12,2,18,2
624,1190,1441,1417,186,47,6,9,3,19,0
3937,1755,1075,286,134,24,7,8,1,7,3
1797,1197,1629,649,149,20,6,19,5,4,1
1458,1048,1975,966,194,28,2,5,1,15,1
3348,1887,1798,1172,126,17,8,18,16,16,3
1834,1772,545,270,116,64,8,5,2,20,1
2775,1421,1657,781,165,57,1,13,8,14,3
1277,1464,1341,418,153,17,6,13,6,19,1
457,728,817,126,111,23,4,17,10,16,0
438,954,1058,228,134,50,2,17,0,2,0
3210,685,1203,1091,82,13,7,15,7,2,3
985,1472,1744,1452,130,36,6,12,11,7,1
3701,853,740,674,200,3,2,15,8,8,3
1052,1469,1133,398,123,8,7,8,1,3,0
1175,1310,889,449,135,57,8,16,0,8,0
1070,1654,1719,1184,146,11,7,8,1,14,1
3411,902,1285,675,134,3,7,12,11,15,3
1175,1448,1850,1792,156,26,3,12,9,6,1
301,1631,1905,177,198,3,7,13,5,13,0
489,1608,1158,1013,183,28,2,15,11,8,0
1733,1991,1325,1058,145,64,2,5,3,8,2
2756,1349,772,592,114,62,5,11,3,4,2
2612,1589,1743,810,195,51,1,8,2,16,2
1724,1844,882,533,158,51,8,5,1,14,1
2190,712,1208,558,84,35,2,16,12,4,1
1900,972,1050,681,107,54,3,16,8,19,1
3915,1406,1366,1017,98,34,3,9,8,2,3
1043,1289,899,765,178,25,6,6,2,11,0
3817,932,1224,1176,154,64,7,8,7,9,3
2362,1747,1131,947,94,48,3,17,2,19,2
1107,1172,1884,1314,95,41,3,7,3,5,1
2982,1128,1370,609,84,53,5,14,9,12,3
2042,664,1497,754,106,28,5,17,15,19,1
1343,513,867,619,186,44,4,5,1,9,0
2610,1742,681,453,170,43,7,12,3,10,2
2335,1512,884,205,162,6,7,15,7,7,2
1614,1986,1358,282,165,51,8,17,12,3,1
1138,965,998,130,109,13,2,9,8,10,0
604,1067,1989,494,122,40,8,16,14,11,0
3652,1583,862,275,118,42,3,14,10,9,3
3955,1653,1785,447,176,37,4,19,4,18,3
258,1433,799,281,133,4,8,11,9,4,0
1066,765,793,6,153,18,7,11,1,16,0
1731,1845,695,292,96,61,1,9,5,6,1
3860,752,728,164,87,48,7,7,5,16,3
3630,1948,1940,631,100,16,5,9,7,17,3
1965,1077,1304,897,174,45,3,6,2,6,1
1459,932,1078,268,104,60,4,6,1,19,0
2323,1968,1259,861,115,22,3,9,8,7,2
3291,1122,790,331,120,2,4,11,2,13,2
3272,1588,1594,1064,159,61,1,18,0,17,3
918,601,548,509,101,26,4,9,1,12,0
3488,1615,1256,622,132,15,4,16,2,3,3
3961,1589,1911,957,128,58,4,16,14,14,3
590,1417,1649,494,114,56,6,11,3,6,0
3701,1697,1264,236,95,34,1,15,9,8,3
463,1330,1262,980,83,3,5,14,6,11,0
3644,1476,1972,1789,148,43,2,15,10,6,3
1713,1579,1484,831,142,27,6,16,4,10,1
429,1277,1090,902,200,41,4,9,4,14,0
2765,1089,1259,636,145,2,5,13,12,10,2
2084,1663,1439,831,169,27,4,7,1,18,2
1125,1949,592,518,186,20,5,17,10,9,1
2048,1138,1777,233,109,48,3,6,0,18,2
1223,685,870,725,174,17,6,8,0,18,0
3672,1889,1106,170,132,31,1,5,1,3,3
3100,857,948,157,195,17,7,17,5,13,2
343,1902,1393,1142,124,50,8,11,8,18,0
1970,1225,982,840,155,15,5,16,8,15,1
2728,1066,1586,401,131,39,5,6,0,17,2
3635,1554,1579,395,124,5,3,7,4,18,3
2180,1337,644,48,186,31,2,7,4,16,1
2488,1926,1157,982,172,33,3,6,1,14,2
3864,869,539,478,104,34,2,13,3,11,3
1155,1278,750,581,104,54,8,7,1,20,0
3566,1773,1472,1215,170,32,6,17,6,13,3
864,1661,1337,594,109,6,7,9,8,2,1
869,1438,1663,683,176,32,7,19,13,9,0
591,1661,861,536,119,29,2,9,2,9,0
1333,1846,773,83,159,19,1,15,6,11,1
2208,1260,1313,905,123,23,7,12,11,10,2
2610,512,1849,249,83,15,3,18,14,15,2
2819,581,1613,803,185,59,5,19,17,9,2
1955,1872,1259,459,134,44,3,9,4,15,2
3416,687,1151,584,151,50,4,14,6,8,3
3803,1062,1807,1596,160,10,1,7,3,16,3
574,1678,1763,418,192,7,1,5,3,19,0
2129,1417,1029,364,166,45,4,13,9,12,1
1948,1074,952,946,103,9,6,13,1,18,1
2978,1832,654,186,90,2,7,18,7,18,2
1619,1039,1827,1428,200,12,8,7,1,10,1
3716,1059,1916,1613,134,61,3,15,13,11,3
3454,1606,1924,1127,154,57,4,13,8,20,3
3777,1928,1580,691,187,19,3,7,2,13,3
2712,1875,1942,1802,91,55,1,7,2,6,3
1434,1128,1582,751,135,46,8,5,0,11,1
3968,1748,1234,859,146,14,3,16,12,3,3
3383,1413,517,187,117,51,5,16,5,2,3
3278,825,1917,206,86,23,2,8,6,2,3
3970,1589,1759,1673,100,26,8,16,8,18,3
2674,535,939,710,145,54,8,14,8,10,2
2776,1780,1463,1331,190,27,4,19,17,14,3
2336,1671,848,263,129,61,2,10,4,7,2
2430,1821,1803,97,114,12,1,7,4,6,2
891,1076,915,129,119,38,6,18,3,9,0
728,532,1354,1213,193,8,5,13,5,8,0
3886,777,1143,189,148,30,5,14,10,7,3
1711,1217,632,628,182,17,4,7,3,9,1
2856,1656,899,320,117,16,7,14,3,20,2
2447,1185,1642,837,152,31,8,16,2,3,2
814,577,1450,1087,161,37,6,11,7,19,0
2951,737,1463,781,193,49,4,7,0,10,2
3653,704,1013,251,186,53,6,7,1,15,2
1891,525,1587,262,137,51,8,18,3,12,1
701,504,1665,767,166,16,1,17,15,15,0
3139,793,1815,1226,176,38,4,6,1,12,3
2811,569,739,389,184,39,8,7,6,7,1
1701,1590,963,920,160,21,5,11,4,4,1
1853,707,1508,1027,194,16,2,17,14,12,1
2445,767,1000,271,185,19,6,6,1,6,1
2287,1350,544,369,181,50,8,15,1,8,1
2003,1117,1627,1258,146,31,2,8,7,14,2
3595,641,759,417,192,7,1,7,5,19,2
1726,1002,1416,1345,83,35,2,16,5,19,1
3952,1408,1088,613,89,45,5,8,6,3,3
850,1900,1596,912,190,41,8,5,1,4,1
1446,726,760,666,101,43,8,17,2,8,0
1300,1544,857,236,113,45,8,8,7,18,1
719,1454,1100,186,160,21,4,14,10,10,0
988,1230,676,416,123,26,5,11,5,9,0
2606,1552,658,430,180,53,8,13,6,12,2
2912,1519,1239,168,200,32,1,11,10,15,2
2339,723,1901,1467,102,30,1,19,9,17,2
1028,1191,1813,179,169,13,1,14,6,8,0
3173,1168,1578,159,90,61,8,9,4,17,3
1667,1229,1878,120,191,14,2,17,6,17,1
1897,1758,1864,762,190,13,8,6,2,15,2
1214,1290,1109,600,143,3,6,9,8,15,1
3269,574,1171,286,90,38,6,8,7,10,2
445,1271,1949,1350,113,32,7,15,14,14,0
1073,1170,1722,27,83,30,8,6,4,8,0
665,1269,1920,1597,118,52,2,18,5,5,1
3129,1288,1809,1177,121,50,2,17,6,2,3
3501,1366,964,402,150,34,2,13,11,3,3
3461,1572,1237,577,169,8,5,6,3,10,3
3206,1627,1082,52,180,32,6,12,6,16,3
3717,1701,828,364,115,46,2,11,0,10,3
3917,1900,1241,934,171,55,1,15,5,18,3
861,1974,545,250,80,24,7,7,4,6,0
2885,1197,1710,214,129,20,5,19,7,14,2
2777,587,1793,612,170,6,1,9,2,14,2
1017,934,1463,1111,112,24,5,12,7,9,0
980,1195,1100,163,82,23,4,13,9,17,0
2775,1853,1951,202,92,23,1,14,4,17,3
3309,1164,1704,729,95,19,8,15,3,3,3
3607,1512,1897,1079,88,18,3,12,10,6,3
1257,1232,809,361,169,24,5,16,10,16,0
759,1813,1306,338,198,5,3,9,3,14,0
3720,946,1771,1698,166,5,3,15,7,4,3
475,739,1536,1052,88,58,3,7,6,6,0
1122,704,1509,1108,80,29,1,9,3,10,0
1336,1663,1545,951,147,40,4,8,5,15,1
1185,1966,1987,1197,185,40,8,11,2,20,2
705,1219,1022,473,196,17,5,11,3,6,0
3169,612,1337,1294,181,35,5,14,9,6,2
3483,1658,522,410,182,39,1,10,1,15,3
1183,1263,1883,178,175,64,5,14,3,17,1
3373,1395,1787,782,118,55,3,11,2,16,3
2801,621,910,434,151,54,4,6,1,5,2
565,652,781,464,142,58,3,18,12,9,0
3153,1175,1501,137,145,25,2,9,4,12,2
3421,561,1176,492,163,11,8,16,2,5,2
316,1137,1285,1250,173,3,5,15,14,17,0
448,1835,583,385,193,11,7,18,17,14,0
2366,1170,684,427,169,40,6,16,8,2,1
3881,1595,1838,1024,85,44,4,14,10,9,3
462,1719,904,240,122,12,8,6,3,5,0
1480,1770,1552,886,128,7,7,6,1,17,1
1087,1312,1854,1233,163,28,2,17,16,14,1
2711,1878,559,183,139,56,5,8,2,3,2
2144,1871,1682,88,81,20,7,13,12,12,2
1165,922,1383,1016,188,35,7,19,6,4,0
2998,1975,655,80,128,16,8,5,4,13,2
2249,1212,1715,611,102,46,4,14,3,4,2
752,1430,906,569,179,56,3,17,8,17,0
1409,1958,637,304,190,4,2,16,5,3,1
3072,1836,1230,276,184,30,7,7,3,5,3
1305,557,1315,1131,125,24,3,12,8,3,0
3597,539,599,551,145,21,7,14,5,9,2
3132,880,1302,436,172,44,8,8,7,6,2
3856,1369,727,553,162,34,1,18,4,18,3
1524,1109,1787,1391,98,39,1,15,10,7,1
3673,843,1096,981,166,16,5,12,1,20,3
3293,598,1173,680,196,21,2,8,4,7,2
3035,972,816,687,126,5,4,12,7,19,2
584,1944,1970,1060,197,36,6,17,14,13,1
2675,1225,1101,217,138,2,7,12,11,15,2
2382,644,1654,1140,114,30,1,9,0,19,2
1391,1919,1191,304,150,48,4,19,13,12,1
2346,501,1089,504,131,54,4,13,12,2,1
606,1620,1033,832,185,30,3,6,0,18,0
1324,1227,1781,935,130,34,3,7,3,12,1
1076,1359,901,446,107,58,6,16,8,4,0
643,1914,1701,942,118,35,8,17,1,8,1
783,1645,1308,897,123,21,7,10,8,20,0
3809,1063,1232,1208,101,26,5,17,16,5,3
2104,946,630,159,154,19,8,7,4,16,1
1762,1231,1184,632,185,54,3,5,3,6,1
3137,1397,1991,1308,87,9,6,12,1,11,3
1756,701,1256,1002,160,15,3,6,3,17,1
3663,570,1917,1331,111,9,7,14,10,14,3
2437,1993,510,150,147,27,8,14,0,9,2
1432,955,1511,1248,143,43,5,12,9,9,1
1620,924,1813,108,167,47,8,17,15,12,1
1655,600,747,320,112,14,5,18,0,9,0
2832,518,1947,437,178,3,7,5,0,8,2
961,1063,935,295,95,31,6,16,6,5,0
2608,920,1421,1058,149,46,3,6,0,2,2
514,1715,1652,79,171,3,5,7,4,13,0
2304,1841,672,593,167,14,8,7,1,18,2
933,543,1031,693,132,60,5,14,0,5,0
1896,1762,527,300,189,25,1,14,10,20,1
3655,1112,739,234,121,53,4,7,3,20,3
1973,709,1596,1545,136,35,1,12,9,16,1
3278,1315,575,59,128,64,7,6,3,13,2
2183,1762,1364,1103,107,15,8,8,3,11,2
824,1462,1478,91,182,25,7,15,5,13,0
2598,571,1282,177,186,35,7,13,5,8,1
1254,666,1353,58,81,54,3,15,9,9,0
3622,1994,1435,447,146,7,8,7,0,20,3
1704,1583,1651,942,148,14,7,17,13,2,2
1624,1778,516,88,132,45,4,15,13,9,1
3809,1926,1000,371,179,50,6,17,12,17,3
2574,966,1754,1446,117,50,4,10,1,5,2
950,568,1703,181,179,36,3,17,9,9,0
273,1897,1935,1311,192,21,8,17,6,3,0
446,1695,1898,1791,200,46,3,16,13,15,1
1510,1623,1832,1568,120,61,7,12,10,17,2
1122,914,721,706,147,26,4,12,9,2,0
707,1721,1048,871,128,33,4,19,2,5,0
751,890,1873,1074,198,44,8,7,3,3,0
3393,600,1465,501,191,48,3,12,7,8,2
3771,1677,1477,271,124,11,6,15,6,12,3
1851,723,1748,920,168,3,4,15,3,16,1
2735,638,1383,1171,102,27,4,7,2,9,2
2253,852,1159,293,104,62,7,17,4,7,1
452,1979,1630,833,165,32,7,13,6,14,0
1419,710,857,485,151,32,5,12,11,18,0
969,1034,1293,182,190,45,3,15,1,7,0
3441,600,1162,207,145,22,1,19,1,5,2
3786,1027,1747,1698,103,64,2,17,12,12,3
2710,1260,736,165,106,13,6,13,1,8,2
3533,1793,1418,1086,169,12,6,16,14,15,3
1735,675,757,192,144,60,5,7,0,13,0
3587,658,1750,1156,103,12,7,14,11,20,3
2298,1694,549,377,102,34,7,17,5,2,2
2027,804,818,709,89,41,1,11,5,11,1
2406,1713,974,729,127,27,7,13,10,20,2
2419,706,938,543,108,31,3,8,7,4,1
995,1362,1505,553,131,25,7,7,6,18,0
2078,1527,1116,526,154,60,5,5,3,11,2
1145,768,991,637,159,19,2,19,1,7,0
626,1314,577,113,155,41,4,10,4,4,0
1509,705,1374,1114,155,57,6,15,11,18,1
3371,1403,1251,461,164,26,5,13,9,9,3
297,1486,1747,1430,85,52,4,13,1,15,0
3508,781,1674,304,198,38,5,13,8,5,3
2385,986,800,471,183,23,8,16,9,19,1
1301,1310,1016,806,105,33,1,13,12,19,1
2167,560,1327,80,81,57,3,11,10,7,1
3914,1348,501,204,116,43,5,10,3,8,3
2312,1567,1621,545,119,22,6,9,1,18,2
2297,1940,858,112,93,17,5,14,6,8,2
411,1979,1532,1331,176,19,3,8,2,2,0
665,561,1294,1055,193,2,3,10,0,4,0
3226,1717,810,609,130,62,1,6,4,5,3
740,535,811,290,113,48,1,11,10,18,0
3878,1413,1318,1039,185,39,5,19,16,4,3
3406,1358,1655,1485,135,20,7,5,1,11,3
2440,1519,1702,1122,112,30,7,9,5,10,2
3959,1254,1013,462,108,50,5,10,4,17,3
3703,1591,1883,1384,154,49,6,17,6,20,3
3714,977,1862,1502,165,35,2,19,3,10,3
337,1640,1301,589,169,21,7,16,3,5,0
3176,663,1605,82,183,25,2,6,2,2,2
1205,1744,718,68,112,20,8,18,7,14,1
2473,1624,699,689,150,28,2,16,11,2,2
1229,1108,1742,208,169,2,7,5,3,4,0
2896,1188,1558,1339,114,9,2,12,11,16,3
2039,817,766,722,144,11,3,11,6,19,1
520,863,1799,717,133,6,4,10,2,18,0
1378,1397,1658,433,121,3,3,18,15,4,1
3254,1108,1666,1298,140,49,5,12,0,16,3
1803,1068,1998,186,184,37,7,5,4,7,1
2501,1702,1491,1397,145,52,2,16,12,4,3
3762,808,1891,618,192,8,4,15,9,12,3
1796,1156,1262,1214,89,61,7,16,6,13,1
990,1271,650,613,159,54,8,14,11,6,0
2630,696,907,649,197,51,3,18,8,9,1
1380,1981,1234,193,175,45,6,10,1,13,1
3487,614,519,22,128,58,7,15,6,11,2
1201,1590,1595,1464,122,7,3,12,3,18,1
3015,1945,895,280,113,21,3,6,1,15,3
3204,1135,1589,690,158,43,1,18,13,6,3
433,1049,1564,39,172,2,6,10,7,6,0
1906,1807,1384,337,125,49,1,17,13,13,2
898,984,1611,1036,98,42,7,16,8,13,0
2799,720,1733,1347,96,61,7,5,3,15,3
2020,1536,1634,22,105,13,7,6,0,16,2
770,771,922,327,86,25,4,12,1,20,0
305,503,1291,778,185,57,6,11,8,16,0
2953,675,874,482,187,42,7,9,5,13,2
1671,1936,1089,591,182,34,7,6,1,9,1
2574,1303,1604,229,138,15,3,12,4,14,2
3772,1004,1162,901,141,35,6,17,8,18,3
2870,1972,1648,715,102,37,2,16,0,17,3
2577,1822,910,172,195,8,6,9,5,8,2
2246,1159,723,681,83,18,1,8,1,3,1
2405,1782,999,867,157,58,1,15,0,16,2
3377,894,1300,286,168,16,8,5,1,6,2
3619,1884,819,451,185,43,1,14,8,7,3
1184,1648,1238,1119,142,17,2,6,2,2,1
2965,798,643,526,96,4,3,15,7,14,2
3713,802,1633,1299,157,45,3,8,3,8,3
3798,1276,735,217,130,53,2,19,10,8,3
1026,1331,1226,1109,165,16,2,13,5,20,1
1086,1620,1339,434,186,5,6,18,14,13,1
2236,1996,1445,671,122,51,4,8,7,12,2
1303,1092,1424,1404,185,45,1,12,3,20,1
3048,1018,883,856,155,63,5,10,3,2,2
616,545,1452,381,131,11,3,15,6,19,0
3764,554,806,85,105,12,6,10,7,4,2
419,1264,849,562,171,34,3,7,4,3,0
2858,1030,1812,1111,138,58,6,6,2,18,3
504,1432,947,209,164,39,4,14,4,10,0
392,558,1605,997,142,49,5,10,5,8,0
820,829,1916,91,129,56,7,12,6,11,0
3387,1741,1895,730,143,14,8,11,3,3,3
3447,1849,1123,606,144,15,5,14,11,19,3
1403,733,1409,445,174,7,7,15,8,2,0
2295,1872,1484,286,80,16,2,15,11,16,2
1973,1853,1005,985,197,27,6,10,2,8,2
3755,1149,1675,1617,106,30,6,17,14,8,3
2073,891,1724,375,196,25,2,7,1,10,1
3872,1911,1958,1795,163,64,8,9,8,11,3
302,550,1930,486,145,23,2,18,5,8,0
1519,576,1518,757,121,27,2,18,6,8,1
2549,1760,1704,273,198,50,1,10,8,4,2
404,969,589,491,124,45,7,18,5,19,0
595,1160,859,762,166,63,3,18,4,15,0
1663,827,821,448,160,18,2,14,0,17,0
2764,1786,1671,231,161,58,7,9,3,7,3
2614,774,1865,1713,136,8,1,7,0,14,2
1094,819,822,438,83,11,8,10,5,15,0
2826,1042,1018,68,139,11,5,18,0,2,2
2496,1368,829,698,97,50,7,13,6,5,2
2103,1592,522,510,181,50,2,19,8,7,1
966,1067,1009,965,146,14,1,5,0,13,0
2172,1892,1564,1399,110,47,4,17,14,3,2
905,915,1448,532,187,56,8,19,10,12,0
3916,774,896,8,124,55,3,8,1,12,3
3902,1848,605,154,179,42,2,11,9,3,3
2487,1501,1056,198,187,2,1,13,12,16,2
3914,1614,1330,860,188,55,3,17,13,13,3
363,911,670,461,181,46,5,9,5,17,0
3233,1520,1909,109,199,24,5,13,3,4,3
2532,1647,1185,193,102,38,6,16,14,15,2
3836,1347,1008,961,108,53,6,15,3,14,3
3076,967,1642,243,92,25,8,7,4,18,2
1513,1442,1668,1626,145,56,5,11,8,7,2
1724,1204,1482,480,199,10,7,11,2,19,1
542,1320,1229,123,144,41,7,11,1,14,0
3481,1800,823,400,100,8,7,10,8,8,3
3991,1567,1326,190,153,22,3,15,2,10,3
1790,1439,932,626,147,20,1,19,12,15,1
509,1422,926,1,112,3,1,19,1,3,0
282,1591,1641,548,161,52,3,10,9,14,0
3006,880,660,632,198,6,4,6,4,3,2
1913,1929,1051,349,163,19,6,12,7,6,1
1333,1642,1889,1686,102,5,5,18,0,2,2
3746,1511,1982,1455,114,21,3,10,0,5,3
3941,1312,893,95,163,10,2,6,2,13,3
3970,1852,1163,580,196,10,1,13,1,11,3
3925,972,589,297,82,44,7,7,6,7,3
424,691,962,951,108,33,4,5,3,15,0
1284,807,697,667,158,8,5,17,13,2,0
277,1113,1312,1047,145,25,1,11,2,12,0
1713,721,1862,408,125,16,1,10,3,4,1
485,1188,1469,1150,198,54,6,12,7,7,0
3002,1512,952,333,131,52,1,6,5,7,2
418,805,704,641,97,64,4,11,6,17,0
1652,918,671,653,123,8,7,17,4,14,1
2893,1320,1583,103,168,48,5,8,5,9,2
1406,1236,809,517,188,57,1,14,12,20,0
629,1387,1151,785,98,61,3,5,3,11,0
3724,1883,791,531,95,30,2,16,15,20,3
3835,839,1391,564,175,14,7,15,8,11,3
1354,1593,1336,761,130,52,8,15,13,13,1
2376,1722,1638,1179,88,25,6,5,1,19,3
3438,1954,690,673,126,7,3,17,12,13,3
2655,1788,1073,472,150,2,6,12,2,4,2
3361,1628,643,412,101,33,6,16,10,13,3
3535,1965,1660,977,84,4,7,17,0,16,3
2150,833,1395,359,124,27,1,9,5,7,1
2587,571,783,224,141,43,3,7,5,18,1
2736,1808,1208,714,92,31,2,9,1,8,3
676,1860,799,195,83,55,6,15,0,4,0
2941,1368,1145,843,115,9,7,13,12,17,3
3336,1161,1169,308,126,21,8,6,4,14,3
3796,1224,563,522,157,33,1,10,5,13,3
3654,902,1360,364,122,63,5,18,8,15,3
2934,787,1423,806,93,11,1,8,6,14,2
2889,854,1152,518,125,30,8,5,2,11,2
3315,1184,1577,519,191,48,1,17,7,14,3
1993,1973,1181,792,152,39,4,9,0,5,2
2509,510,1228,382,120,35,3,17,2,11,1
3534,966,1523,214,118,34,2,18,17,11,3
2246,1438,867,859,169,16,8,14,11,15,2
3165,1986,774,342,95,51,3,5,0,13,3
286,1907,1513,713,105,55,7,14,4,17,0
776,1489,812,172,200,32,1,7,6,8,0
3213,1843,580,118,134,16,6,15,14,15,3
716,825,783,540,94,38,3,11,4,14,0
424,1286,662,18,98,16,2,10,5,4,0
3486,840,1081,987,137,63,7,12,8,18,3
3237,757,697,535,163,58,4,19,12,9,2
1944,814,1406,1092,177,41,2,16,6,12,1
643,1195,1001,327,80,8,6,14,2,19,0
2317,767,1995,517,107,10,4,6,0,12,2
1436,1068,1500,994,97,52,8,16,1,15,1
3190,994,530,491,173,56,3,5,2,20,2
2338,1550,832,268,133,21,2,16,1,15,2
1334,1878,1026,210,85,29,8,18,7,2,1
3657,623,672,144,127,6,3,17,3,19,2
2080,1829,1267,729,160,15,5,16,11,12,2
1609,525,670,82,190,35,7,16,11,3,0
3078,1065,928,188,89,14,2,10,1,18,2
590,1425,1897,150,127,35,8,13,2,6,0
2552,1296,1382,1222,129,11,7,19,8,10,2
3355,642,1011,331,197,34,2,12,5,13,2
1968,1664,1929,1178,177,15,7,12,7,9,2
3358,1498,1076,347,170,8,7,7,3,19,3
1539,981,688,75,136,2,3,19,12,19,0
942,1236,1403,492,143,32,4,16,12,14,0
3669,1673,734,65,187,9,3,9,1,10,3
3612,712,1234,881,172,9,2,13,5,4,3
2351,569,1159,351,170,4,3,8,7,10,1
604,603,1968,1842,156,64,6,10,4,8,0
1285,1332,1165,758,187,11,2,5,0,9,1
515,1413,1481,1323,128,13,1,5,0,18,0
654,1064,1569,1175,184,34,6,16,13,6,0
2540,1444,1554,1092,82,48,5,17,2,15,3
3869,1366,1876,647,161,53,5,17,5,14,3
3412,906,1793,1102,136,18,2,13,8,16,3
509,1554,1367,319,185,47,5,12,3,19,0
2547,1187,1125,215,122,21,6,10,3,5,2
2735,1156,1913,945,173,30,3,16,15,13,2
1369,1918,1203,381,139,22,1,9,6,6,1
2942,841,828,546,199,39,6,11,5,16,2
2812,730,1155,1096,167,6,7,10,1,17,2
3497,878,618,575,153,31,4,9,7,11,2
619,1059,1545,519,182,50,8,5,3,18,0
3483,1578,670,342,200,3,1,17,4,16,3
1475,1829,563,291,112,36,5,11,4,7,1
1950,1132,1293,1091,157,8,1,11,2,6,1
3592,1652,1084,352,198,40,7,7,6,6,3
3573,912,1723,165,107,58,5,17,3,20,3
2020,1181,831,385,116,61,2,6,0,18,1
1329,1497,1933,1920,92,32,3,6,1,7,2
3568,1790,1980,396,100,49,3,6,2,18,3
1947,1742,1469,1134,100,49,1,5,4,6,2
1998,1549,1514,721,158,8,5,12,7,15,2
725,1372,937,687,193,34,4,11,3,20,0
3302,1112,1119,777,190,12,4,11,0,20,3
3884,1005,1556,176,133,46,8,17,0,20,3
1185,783,1263,458,150,27,6,15,4,6,0
1656,1698,1819,485,105,26,2,5,3,17,2
2870,899,1638,641,192,53,4,19,16,10,2
911,1062,1435,798,151,45,3,14,2,9,0
3892,989,1394,256,166,17,3,18,7,19,3
3897,1983,1197,370,125,27,1,12,10,10,3
656,1800,1108,191,87,53,1,14,10,18,0
606,1254,1956,1571,146,45,3,7,2,2,1
1653,868,1026,276,83,30,4,11,7,17,1
860,1205,614,573,175,12,4,14,1,14,0
2197,1284,516,160,155,10,2,16,2,9,1
3458,626,1334,90,187,23,2,7,5,11,2
2066,1763,806,138,101,53,4,12,9,17,1
3676,694,1230,983,193,36,4,12,8,5,3
1518,1265,687,275,90,49,1,16,11,8,1
1018,816,558,149,198,14,3,17,10,15,0
1360,904,507,42,168,35,3,15,12,11,0
3449,979,1670,793,164,5,7,5,2,14,3
2524,1531,765,625,162,60,6,13,11,7,2
703,934,1190,521,182,30,8,10,8,7,0
1251,1624,1744,1530,200,58,3,13,4,18,1
582,874,1248,442,185,8,1,6,4,15,0
1732,1027,714,152,102,63,5,8,5,13,1
1252,1966,1973,1242,144,48,1,6,4,19,2
2146,1048,1670,29,182,29,1,11,10,2,1
1927,1496,506,501,126,38,4,17,4,6,1
3328,959,736,87,155,13,4,10,9,10,2
2462,1349,1019,648,105,55,7,15,7,17,2
1172,1689,674,521,168,13,2,12,11,17,0
3598,1558,1409,120,146,27,1,9,2,12,3
2437,582,1420,985,168,27,3,19,2,2,2
3271,1485,774,341,138,44,4,14,12,8,3
1511,1991,1377,751,94,9,3,17,8,9,1
2981,553,1517,993,119,23,3,7,3,14,2
3119,1231,1663,43,113,7,1,9,4,15,3
3647,805,1538,1262,88,34,6,18,11,9,3
3148,764,511,361,152,13,8,18,7,6,2
2829,894,541,104,130,54,3,11,5,13,2
2373,1589,940,618,84,46,3,11,9,20,2
3998,1456,1666,815,80,39,8,6,3,13,3
316,743,1659,1587,95,33,2,19,10,4,0
999,1061,1330,138,109,52,7,16,12,9,0
1808,1428,983,584,153,7,4,12,8,13,1
589,674,772,750,93,8,3,18,6,4,0
3317,832,1366,820,93,46,6,8,0,19,3
670,1625,1219,8,107,50,8,16,3,8,0
584,907,507,171,151,42,1,11,9,6,0
2173,1631,1735,960,166,13,2,12,3,8,2
1561,1584,1291,160,135,41,4,10,5,17,1
2073,1382,719,612,199,13,2,16,7,9,1
1401,633,1915,709,102,46,6,19,14,11,1
3764,1444,917,624,104,38,7,14,9,10,3
1275,852,730,538,147,54,5,13,7,12,0
1464,922,1808,1295,157,47,8,17,4,12,1
2885,1745,1908,1164,159,57,3,13,11,5,3
3458,862,1977,829,107,6,8,9,4,9,3
3019,1754,1452,199,101,52,4,11,6,19,3
1083,1008,1972,825,109,36,1,6,4,6,1
3538,1569,930,519,147,33,1,18,1,15,3
2493,1596,1190,169,149,7,2,14,12,13,2
3726,1807,1968,1734,134,61,6,8,5,15,3
1531,1660,1165,76,184,7,1,12,0,7,1
601,1861,1877,1698,148,55,7,7,5,4,1
2991,648,1997,819,91,8,5,8,7,4,2
3912,1379,671,387,134,19,8,11,2,19,3
309,1910,1284,985,115,34,2,8,4,10,0
323,1807,974,970,155,13,8,9,3,3,0
1489,1923,1759,767,191,46,1,10,9,3,1
1322,1345,1465,512,162,38,3,9,2,15,1
1846,904,760,56,102,14,8,7,0,3,1
417,1239,661,590,122,52,2,8,0,6,0
3269,1330,1304,462,84,52,4,19,6,8,3
3731,516,698,126,138,30,1,17,13,15,2
667,672,1143,578,95,54,4,17,8,14,0
1241,892,1782,655,94,47,1,12,3,9,1
3941,1778,1445,1028,101,23,6,19,6,13,3
1018,1130,1261,88,132,58,5,17,1,16,0
3142,1359,1902,1692,86,59,2,19,3,17,3
1444,1866,1782,358,89,47,5,7,4,20,1
934,1597,1667,64,89,34,1,16,10,9,0
3863,1046,1040,259,100,58,8,17,12,9,3
3506,1035,1960,236,99,44,3,14,5,12,3
1944,1175,1394,873,164,19,7,9,4,9,1
348,1261,1591,858,90,11,4,14,9,14,0
550,1068,1910,1405,124,51,4,12,8,6,0
971,1713,890,237,104,20,7,11,10,10,0
3984,1688,864,650,170,21,7,17,14,8,3
2973,1413,1994,1949,104,45,5,17,8,15,3
2019,559,823,541,82,11,5,10,4,16,1
1587,1483,1552,361,146,19,7,9,4,19,1
1870,860,1463,335,187,48,7,17,2,18,1
1352,1090,1910,1638,91,27,4,5,1,11,1
570,686,1392,1109,91,3,6,7,6,19,0
546,818,510,111,177,43,6,12,6,7,0
3624,1456,1427,1285,193,49,3,12,11,16,3
2944,774,1731,1480,188,10,2,8,6,2,2
1209,1068,875,322,197,19,8,19,12,12,0
2752,1373,1348,1220,141,29,6,15,2,7,3
3868,1777,616,511,188,20,6,5,1,7,3
3087,594,1263,1011,132,28,5,16,4,4,2
947,1524,635,629,124,57,2,11,4,16,0
1484,511,622,140,175,50,3,9,7,8,0
347,1402,1767,1081,87,46,7,17,0,12,0
3227,965,653,297,131,53,8,12,6,8,2
3299,1270,1716,1512,104,58,5,13,4,16,3
1028,919,570,275,159,13,1,8,4,17,0
714,1963,1813,1136,157,34,2,18,2,2,1
2641,1977,1356,1145,173,31,8,8,2,7,3
1229,1881,1553,477,158,51,5,12,0,14,1
2622,683,1985,954,173,19,4,16,3,5,2
929,772,1471,741,100,6,2,13,6,18,0
1211,536,705,547,135,53,3,15,10,7,0
1653,1694,1208,1194,186,53,6,7,5,6,2
511,1633,906,146,111,33,2,9,0,7,0
3034,1371,663,471,167,52,4,13,6,8,2
1414,551,1916,169,172,54,7,6,1,19,0
2438,1221,1976,1895,139,28,1,13,11,10,3
3744,1000,1761,1537,179,63,8,11,1,7,3
1377,1986,1520,236,162,64,4,5,3,15,1
3520,1119,915,821,164,23,4,7,4,7,3
3796,1699,1768,466,97,59,4,17,10,12,3
1699,1099,1096,393,146,61,3,17,10,3,1
336,1576,631,400,90,58,3,14,8,13,0
1095,950,843,774,156,55,5,14,12,13,0
325,1081,519,284,99,49,3,9,1,6,0
1223,606,1152,465,146,53,4,19,12,7,0
1649,502,1810,705,199,37,2,6,1,14,1
1898,957,1682,38,160,4,2,12,4,3,1
2609,1658,739,51,159,38,5,12,11,19,2
2265,1681,1005,850,167,18,1,5,3,20,2
2775,1983,676,349,87,43,6,9,4,3,2
1445,1753,1595,387,113,12,7,17,16,12,1
2614,1632,1623,706,132,41,4,5,4,15,2
356,1949,1178,951,145,57,7,5,3,19,0
523,1696,772,179,97,13,3,5,0,4,0
3745,688,1964,426,131,57,7,17,1,4,3
1229,1104,1413,653,199,60,2,6,0,3,0
1402,1122,1963,1578,184,28,3,14,10,3,1
2085,504,1795,280,172,46,5,13,5,8,1
587,1154,1801,251,156,14,7,8,3,4,0
2457,1727,1992,1463,85,63,7,19,13,7,3
2030,1674,1649,1432,89,52,3,7,0,6,2
816,1948,571,477,135,18,2,16,2,3,0
1667,1218,1746,1122,150,39,7,10,0,12,1
2958,531,1903,145,189,63,7,17,1,19,2
3705,1057,1055,416,154,5,5,6,4,13,3
2800,576,893,847,162,30,8,11,6,16,2
3773,1960,877,868,165,7,7,11,9,6,3
2050,673,1088,594,88,22,1,7,2,17,1
1754,718,830,518,88,21,1,17,11,9,1
1904,864,1805,663,103,35,3,12,8,13,1
2705,547,541,371,154,37,5,17,3,10,1
3537,623,1781,1749,102,3,8,16,13,3,3
1370,1793,722,586,154,27,5,16,3,19,1
1222,1720,646,409,137,19,2,13,2,7,1
3102,812,1309,35,106,64,4,6,0,2,2
2268,980,1758,1008,160,33,6,7,5,4,2
2648,643,1079,442,187,18,8,7,5,18,1
2173,1925,1087,983,175,16,8,7,3,19,2
3162,1408,982,875,151,32,4,19,18,3,3
1368,1522,1191,952,124,28,1,14,5,17,1
2746,587,1361,244,111,51,1,10,4,7,2
619,1959,1055,65,191,18,6,7,4,8,0
724,1872,1767,1749,89,17,6,17,3,9,1
912,1043,1626,716,111,42,3,16,9,6,0
2784,1809,1661,433,123,23,6,12,6,20,3
793,1703,521,134,92,23,6,7,3,17,0
560,1095,1247,179,197,45,1,9,1,10,0
312,1414,1564,804,137,27,4,5,2,8,0
545,1659,1515,787,88,41,7,12,0,9,0
1591,1540,822,704,197,60,7,19,0,2,1
2746,1342,1638,991,86,31,7,15,5,10,3
893,1189,932,379,198,8,3,9,6,13,0
2514,518,710,489,128,62,6,16,12,7,1
1032,1449,1883,1518,144,10,1,10,0,8,1
819,516,1401,855,91,39,5,8,0,10,0
3672,1569,1383,1261,111,59,3,15,2,15,3
3833,1312,1791,115,156,24,6,14,13,17,3
1482,1893,1432,1203,179,23,8,15,7,17,2
2043,1076,1300,545,105,14,5,7,5,14,1
1229,530,1090,818,118,40,6,16,11,2,0
1816,1044,1262,42,129,33,4,17,16,15,1
2166,1330,1637,1103,126,37,7,10,1,4,2
2469,1836,1068,168,104,14,5,18,6,7,2
2575,1741,755,719,140,55,5,13,10,7,2
1375,1869,874,163,152,30,1,15,3,19,1
1732,1331,1531,1162,146,55,3,6,2,11,1
673,1655,1348,626,105,4,3,10,3,12,0
2301,605,656,329,162,18,2,15,9,8,1
2676,1245,1434,330,105,30,5,17,8,7,2
1781,1709,1292,956,136,58,2,18,3,17,2
2248,846,1983,1140,123,58,4,16,8,13,2
921,1403,1623,217,90,62,4,14,13,18,0
391,688,869,271,89,2,3,5,2,8,0
1719,775,1555,444,185,10,7,19,3,18,1
3262,1154,1827,1003,159,35,5,16,15,16,3
1947,1375,772,227,194,35,2,15,13,15,1
2693,1827,1764,253,130,61,7,8,3,7,3
441,1697,1046,88,90,60,4,15,1,11,0
1886,741,594,334,178,14,5,19,11,9,0
1267,1672,1896,1281,174,32,1,17,4,20,1
687,514,1320,168,186,57,3,6,0,20,0
2890,1375,1687,898,105,12,1,17,1,12,3
1737,989,1069,46,124,55,1,8,5,10,1
887,1510,1170,118,138,47,2,18,6,5,0
398,1266,1595,1187,86,18,7,16,8,3,0
2389,1396,1347,1191,138,46,7,7,3,15,2
3431,808,1324,526,161,45,1,15,6,13,3
3601,1542,966,346,182,43,2,14,4,16,3
2459,745,1538,89,102,35,8,14,1,16,1
3230,1735,846,137,148,59,6,6,1,9,3
3646,586,1389,1226,188,57,2,15,4,11,3
2200,1341,574,473,107,36,8,18,14,15,1
3862,781,607,368,88,64,2,17,10,9,3
3077,501,1636,239,174,22,6,17,3,17,2
621,1224,709,622,139,44,2,11,4,14,0
2372,1970,882,654,80,58,8,14,12,2,2
2574,618,1781,853,138,63,2,14,3,5,2
2857,1537,1305,686,158,46,4,17,14,2,3
3143,1018,1433,992,153,16,8,17,12,20,3
3197,1545,1352,115,173,35,5,14,9,6,3
2727,1871,1966,275,144,41,8,15,8,11,3
1519,1729,1178,461,186,12,1,9,4,5,1
2438,680,1500,1428,131,9,3,14,2,17,2
2674,1106,1212,614,107,54,3,9,3,9,2
2107,635,989,193,97,50,5,13,12,12,1
2262,618,1602,1105,143,16,1,16,15,4,2
815,1671,1263,398,179,5,8,16,6,10,0
2829,1562,728,480,105,52,7,13,10,3,2
3022,1975,1607,775,151,31,1,13,5,19,3
2573,831,1490,1482,134,62,8,16,12,18,2
2678,1524,550,154,174,10,4,16,5,13,2
1282,1528,1762,454,129,55,5,11,9,11,1
568,1447,1455,737,155,9,8,12,11,8,0
2074,1344,556,419,190,14,1,8,1,5,1
2227,564,1737,853,130,8,2,9,2,14,1
1080,921,1229,1211,83,60,2,10,0,6,0
2867,1413,1606,314,200,10,6,5,4,15,2
1075,831,1239,172,86,55,6,12,11,3,0
3063,802,734,527,153,43,5,17,13,4,2
2479,1923,1264,874,86,24,4,9,2,15,2
2394,1193,864,674,196,56,3,19,11,14,2
2814,904,1014,657,112,31,3,13,3,19,2
2094,1285,500,475,140,51,7,8,0,10,1
2315,1635,1411,1209,182,2,4,10,1,2,2
2519,1923,525,15,154,14,4,13,0,16,2
735,1851,1967,293,198,12,6,7,6,14,0
1891,727,1377,813,131,32,7,19,13,7,1
1386,1396,1843,173,118,44,6,7,1,8,1
3260,877,652,457,135,46,1,14,12,6,2
2022,696,797,533,103,35,3,14,11,4,1
1716,1009,1043,912,102,2,8,7,5,15,1
3317,1526,1418,798,116,38,5,7,1,8,3
1454,987,565,412,192,20,7,11,3,8,0
2290,1414,887,130,101,49,4,13,0,12,1
3940,1732,656,201,172,61,5,17,11,20,3
461,1587,874,299,148,50,8,17,4,4,0
2219,1097,1352,1277,160,21,7,15,6,12,2
470,504,1195,626,178,40,3,6,0,16,0
2495,1159,751,378,80,28,8,10,0,9,2
2944,1910,639,333,146,29,7,8,7,2,2
2361,865,1804,805,159,59,3,16,11,19,2
1783,1930,1920,1901,186,16,8,17,3,13,2
2832,860,1581,1573,170,40,3,13,7,20,2
931,1268,912,360,182,42,6,11,5,20,0
1344,999,745,20,167,27,4,17,10,5,0
3916,622,511,98,127,9,2,13,1,5,2
1882,1250,1011,703,182,44,7,14,1,14,1
2865,763,1278,273,104,51,5,11,6,9,2
757,1100,1344,919,112,15,8,12,2,16,0
3469,815,1291,982,85,51,6,5,4,6,3
2399,618,896,879,88,57,3,18,15,17,1
3300,553,1892,1287,136,18,2,12,10,20,3
2719,673,1247,1109,84,3,2,19,2,9,2
3012,563,684,211,115,47,7,14,4,15,2
2836,1590,1109,1058,187,14,4,6,5,4,3
2385,1031,1247,532,121,11,2,11,7,16,2
594,909,773,290,97,30,3,12,0,4,0
2968,1880,1019,890,104,7,4,9,0,3,3
3762,1479,645,327,146,24,6,12,10,5,3
892,1271,1788,1260,161,2,1,15,13,20,1
467,709,1422,570,81,13,8,17,11,5,0
345,1744,1558,621,158,62,1,10,6,14,0
3033,1314,1858,328,116,40,7,9,8,17,3
2110,1136,1767,1307,150,9,6,9,5,16,2
3105,1039,618,497,125,56,8,14,8,5,2
874,1300,1037,219,156,62,6,15,3,10,0
3681,732,1554,1163,188,39,7,19,3,15,3
3865,511,759,24,180,52,2,8,3,7,2
737,1092,571,468,167,11,3,14,4,11,0
3153,921,1469,1272,170,10,7,8,2,11,3
2800,1030,551,503,147,37,1,8,6,12,2
315,1130,1579,1495,101,27,1,14,5,11,0
1412,1299,1838,1333,187,60,8,13,1,20,1
2286,1009,1841,267,115,2,7,19,8,13,2
2392,1735,876,149,140,34,2,17,15,19,2
1857,1129,1079,1070,185,49,2,8,4,5,1
1419,708,620,206,116,26,7,10,6,16,0
3305,894,747,158,123,58,2,12,7,2,2
959,530,1012,48,88,32,6,17,7,6,0
2635,1481,522,249,105,35,3,17,16,4,2
1754,1068,1499,935,194,45,5,17,7,9,1
2563,1487,768,140,84,57,3,18,4,14,2
1936,1524,740,184,96,41,4,7,0,9,1
1869,1093,807,238,196,22,8,8,5,4,1
3637,1816,1089,800,186,50,5,11,7,16,3
896,627,507,211,142,20,3,17,6,14,0
2349,989,804,670,132,51,3,10,1,20,1
774,1895,1335,725,134,5,1,15,4,6,1
3397,805,1544,81,168,58,3,7,6,2,2
485,713,1378,1211,181,2,8,10,6,4,0
3964,864,1378,1362,148,24,4,13,8,12,3
1887,1177,1923,945,181,11,4,8,5,11,1
2977,582,1702,1043,107,32,3,6,1,20,2
2114,1898,739,444,185,56,7,10,5,19,2
1542,1158,1796,311,123,29,2,17,9,15,1
3038,1451,1456,812,181,57,8,15,7,18,3
2481,1820,1884,202,163,51,7,11,9,11,2
841,984,707,531,140,9,3,18,15,16,0
3565,580,898,404,135,24,4,12,11,8,2
1958,1263,1609,954,146,5,6,9,6,4,2
2454,1237,603,274,87,27,8,14,0,8,2
3392,514,1723,956,172,37,1,12,8,5,3
262,1515,1593,1438,184,56,3,14,4,20,0
530,721,1988,1446,194,6,4,8,4,8,0
3703,603,1057,692,126,35,3,13,1,9,3
2562,1426,1032,777,109,55,1,5,1,3,2
574,1820,1951,1157,161,64,1,10,2,18,1
2632,1215,1473,454,130,16,4,7,1,15,2
259,697,1477,478,173,20,2,12,6,4,0
688,717,1106,217,198,10,1,10,7,15,0
2554,1348,741,468,145,36,6,19,1,12,2
3859,1164,1656,1107,88,61,1,11,10,17,3
2977,578,1134,626,170,62,5,15,12,5,2
571,1971,922,485,186,40,7,8,7,17,0
402,1794,627,43,86,55,7,14,7,14,0
878,1558,1385,322,114,32,5,16,5,17,0
2130,1597,1145,880,85,4,1,8,3,15,2
3260,1240,1756,1511,146,39,2,13,1,17,3
454,1994,711,667,88,7,8,11,8,6,0
2638,1221,1899,765,152,35,7,19,16,14,2
2819,989,679,614,156,24,8,16,13,5,2
1464,1180,1252,925,144,50,4,7,3,20,1
1824,718,1387,1185,113,59,6,11,9,3,1
876,1670,1886,1706,139,47,8,16,0,5,1
2706,534,1477,347,164,21,7,7,5,18,2
659,1566,1930,1603,126,20,2,14,9,13,1
455,1935,860,806,124,29,5,9,2,6,0
2378,504,1539,1207,163,54,2,17,11,2,2
2278,913,1144,431,103,41,1,15,3,18,1
3436,1317,613,179,113,43,5,16,13,5,3
3424,917,909,423,88,31,6,19,2,13,3
401,712,1743,1131,99,49,6,5,0,10,0
681,1083,1469,925,126,52,2,19,18,19,0
3212,1039,544,62,136,6,6,15,7,7,2
3105,1747,873,800,185,13,6,7,1,10,3
2036,1449,947,211,105,52,6,5,1,10,1
3153,1872,1389,81,139,49,7,16,15,5,3
1642,1796,798,667,101,7,4,9,4,3,1
509,1097,519,405,181,60,1,15,12,12,0
3465,1562,1676,678,172,20,8,16,11,6,3
3900,1433,1651,1619,153,27,7,18,16,2,3
1105,740,1147,935,123,12,1,7,6,19,0
2064,676,1011,864,84,39,1,13,7,6,1
3117,503,1688,1495,131,13,1,19,6,9,3
1142,1020,1613,870,96,7,3,13,9,8,1
1060,896,1469,1379,111,4,1,12,10,4,1
2381,1824,1738,1055,143,19,2,14,1,5,2
3366,1512,1838,220,134,54,3,7,3,11,3
1339,1053,1261,419,126,42,6,17,0,14,0
2560,1944,1362,1111,87,31,4,7,3,8,3
285,1174,1461,1097,91,25,2,19,7,3,0
2476,627,819,447,131,12,7,17,1,10,1
1862,1602,1062,273,118,46,1,16,9,2,1
3488,1733,997,590,170,6,1,6,4,10,3
3178,586,598,116,142,8,8,9,7,10,2
733,1528,564,306,156,37,8,15,0,14,0
756,875,1316,300,110,23,7,14,5,6,0
3622,1602,1746,1259,170,58,1,17,2,17,3
1277,1426,1694,1573,174,12,5,14,9,5,1
3703,1370,1783,1392,158,6,6,13,10,11,3
1905,609,1524,113,81,10,6,16,3,18,1
2636,840,1728,526,178,15,6,12,2,6,2
2014,991,1678,1209,158,12,5,11,9,10,2
3056,1724,828,655,100,9,2,18,16,6,3
465,584,1622,1123,168,19,3,12,8,4,0
3869,860,979,692,141,49,6,16,14,20,3
1108,1541,1052,796,165,28,5,12,1,7,1
1906,615,1958,1021,130,58,5,14,5,5,1
851,912,1310,995,84,46,4,8,4,4,0
3142,1278,1504,1244,172,60,7,11,4,19,3
1300,1365,970,293,125,31,4,14,7,13,0
1430,1702,1931,1240,177,36,5,8,6,10,2
362,589,1858,759,146,59,8,16,10,6,0
2456,1347,1528,398,95,56,1,13,0,13,2
2360,1644,791,358,137,44,8,7,4,19,2
3700,956,1614,403,133,42,7,10,0,7,3
2620,1089,1409,211,153,2,7,7,5,13,2
437,871,1437,194,178,52,3,14,7,17,0
3774,664,1472,1076,164,6,2,11,5,18,3
1218,1874,1418,1238,192,19,2,15,10,17,1
696,1928,1004,229,162,5,5,14,12,15,0
3407,888,1683,327,198,33,2,12,1,20,3
3902,1077,1892,135,86,58,7,9,3,3,3
2086,1023,1744,5,80,30,8,10,0,19,1
1356,1426,1163,715,84,42,3,15,9,16,1
1704,831,621,511,177,26,5,6,5,20,0
3571,1496,1383,549,85,6,3,16,1,11,3
2132,1433,784,420,129,5,5,18,15,19,1
3209,1095,1066,838,103,44,4,13,11,8,3
2096,643,1400,314,156,23,1,13,6,2,1
1273,1142,1766,739,198,6,4,19,0,6,1
3623,730,846,62,112,27,5,9,4,15,2
368,1901,1662,3,131,41,2,5,1,12,0
854,1510,1520,963,135,32,3,8,2,10,1
3646,1924,1923,1438,136,59,6,10,9,16,3
3130,1825,1773,1621,157,17,4,12,4,2,3
3784,1275,501,19,152,5,1,13,4,4,3
3885,987,1274,887,124,17,7,11,0,14,3
1494,1538,986,567,121,13,7,18,10,12,1
2973,1965,676,584,149,29,5,11,1,20,3
1471,808,974,496,185,20,6,13,4,11,0
2001,712,1309,1245,86,27,2,11,10,12,1
1486,1507,888,682,123,42,5,15,3,19,1
1321,912,794,724,182,47,3,7,2,6,0
1877,769,1454,1384,95,17,8,18,2,11,1
3499,948,1654,257,173,22,5,11,7,19,3
2124,507,1084,17,142,39,1,6,0,12,1
1221,1384,1210,983,82,60,3,18,12,15,1
2316,1766,1306,439,194,29,8,19,2,6,2
1068,1407,1206,925,170,16,4,6,0,8,1
1930,614,603,409,94,24,4,13,12,4,1
1316,1972,952,293,196,14,7,8,1,8,1
1742,1039,1878,384,130,47,8,18,12,15,1
3265,511,1285,149,125,34,8,14,7,14,2
2700,1811,568,447,98,5,4,13,7,8,2
2115,1159,1206,717,104,36,4,8,7,18,2
3915,1848,533,195,178,12,2,9,7,8,3
3144,1988,696,153,94,16,8,16,2,14,3
1571,1469,1850,1699,150,58,7,17,16,2,2
2253,1423,640,501,131,44,5,10,8,9,1
1433,1974,1496,530,145,10,6,6,1,17,1
2583,835,1378,396,128,42,5,15,2,13,2
1817,1429,1552,670,151,42,5,6,1,16,1
2915,947,887,193,144,51,2,17,1,6,2
3340,1446,1769,351,178,18,8,8,0,16,3
2790,1332,855,846,168,7,7,19,11,10,2
577,1498,1167,111,191,14,4,14,12,12,0
3220,1576,1386,1213,173,14,2,17,2,6,3
3488,1398,1284,755,150,26,1,14,3,11,3
1277,1885,1517,1406,92,14,4,9,6,16,1
3593,798,627,497,148,2,2,14,9,3,2
2736,1436,1836,1826,124,42,8,12,5,19,3
2311,1998,1356,50,196,31,8,17,9,18,2
1464,1321,941,817,109,63,8,7,6,16,1
1355,1021,1793,901,192,9,2,6,1,14,1
2382,1339,1269,212,123,40,2,6,4,7,2
1886,1210,1039,329,111,57,4,16,0,17,1
832,1949,1182,837,145,31,5,7,3,19,1
751,882,884,248,151,28,6,19,11,8,0
436,1549,1162,632,113,27,5,10,8,11,0
722,1991,613,366,82,42,1,6,5,10,0
1075,796,518,174,114,12,1,7,3,2,0
2802,1012,1195,882,161,39,4,8,0,10,2
1780,1318,1591,688,188,11,2,12,10,2,1
1247,1708,1345,263,197,14,4,19,16,16,1
3066,598,764,118,117,62,8,11,2,19,2
403,541,1226,1012,200,51,8,11,2,12,0
2518,818,1552,586,192,23,5,19,12,3,2
1069,1414,1233,294,168,15,2,18,6,14,0
2651,601,1827,818,169,6,4,14,8,9,2
2974,561,865,426,99,40,7,15,12,19,2
657,1616,1133,151,100,52,5,7,3,2,0
3372,1263,644,409,103,32,2,18,13,10,3
1464,1604,1156,641,93,63,5,15,9,20,1
1326,539,967,958,86,24,4,7,4,3,0
3393,1071,1970,1328,199,49,4,6,5,7,3
323,826,530,354,135,57,2,17,3,7,0
1628,771,1781,1709,106,62,1,9,3,6,1
2610,1811,1553,1099,132,33,8,8,3,13,3
3721,1842,1227,783,179,56,4,16,11,4,3
763,1420,1393,194,100,50,8,17,1,17,0
792,1763,1893,238,184,10,3,17,12,13,0
1568,1163,1076,919,133,2,5,14,0,19,1
1276,1805,891,758,182,29,4,19,4,17,1
3472,610,1273,1039,90,52,4,10,4,12,3
2520,1533,1393,1054,160,17,4,8,2,11,2
3423,1924,686,122,111,63,2,13,3,19,3
258,1801,1708,100,120,52,6,14,8,9,0
1868,1726,1804,1221,106,42,5,16,7,6,2
2171,794,1376,312,197,14,3,19,8,18,1
780,1686,1073,599,182,28,5,11,10,5,0
712,1444,1340,1274,103,6,1,17,5,10,0
1012,1004,581,62,160,30,8,7,4,13,0
318,1242,1796,315,166,28,4,11,10,19,0
3948,539,1709,1123,137,26,6,18,11,15,3
629,717,1981,1878,99,14,8,16,15,20,0
1161,1540,831,318,157,29,7,11,8,5,0
1403,672,1267,574,99,35,8,16,7,6,0
3707,1325,1915,1353,133,13,4,19,3,18,3
1305,950,1681,86,124,55,8,6,5,4,0
2926,948,1728,340,119,18,4,17,13,9,2
2674,1328,1156,602,144,27,3,7,2,5,2
471,1447,1062,963,184,40,2,8,4,20,0
1724,1973,507,127,95,21,8,12,10,8,1
1220,1731,1039,142,171,60,4,9,3,20,1
2754,1617,1079,274,111,63,2,19,10,8,2
594,1791,682,371,110,33,5,17,8,16,0
1005,851,1007,788,101,54,2,12,2,14,0
2439,856,1027,395,115,14,1,6,3,12,1
2302,714,1527,643,145,30,4,12,10,10,1
1083,951,935,854,81,15,2,16,11,16,0
2219,1303,1873,1335,109,10,8,9,3,15,2
1571,1550,1619,1541,126,32,7,12,3,14,2
2107,1759,1163,382,101,15,4,18,5,16,2
593,1448,1144,846,100,2,5,9,4,18,0
857,1987,1925,960,119,50,8,12,4,6,1
3518,908,941,154,95,44,5,16,12,7,3
1284,820,694,468,160,58,4,17,7,17,0
545,904,1496,1094,147,19,6,19,18,16,0
3566,667,870,272,149,6,6,9,5,12,2
2821,1109,1103,165,173,34,1,13,5,17,2
3442,1333,1301,394,183,59,7,18,16,5,3
1309,1352,1299,629,92,6,6,12,1,14,1
1179,1600,1713,831,88,19,6,10,3,18,1
1713,1454,910,903,80,37,8,16,0,19,1
1663,1489,1759,923,169,9,3,9,3,14,1
1812,1823,1250,362,81,10,8,5,0,19,2
1384,1581,850,693,172,41,4,19,9,2,1
1348,1672,1435,1250,172,44,8,11,6,7,1
3957,1283,1923,1135,80,27,4,17,15,6,3
1212,630,1448,66,180,14,8,12,8,12,0
3925,659,1877,924,151,24,8,8,1,10,3
348,1811,1132,204,115,32,6,17,11,18,0
1382,688,1957,376,109,40,5,12,7,8,1
980,514,1492,1083,141,18,2,13,7,16,0
838,1933,1473,229,154,16,3,14,2,18,0
378,915,1316,875,91,31,3,11,6,9,0
909,1006,991,35,135,22,4,18,4,7,0
3632,1134,903,18,92,13,4,17,8,19,3
3396,599,646,103,186,64,8,5,3,7,2
1861,973,588,105,196,53,5,13,10,16,1
348,1180,540,168,90,27,6,7,5,19,0
2528,1237,1004,18,98,13,4,11,8,16,2
2190,659,730,659,169,5,8,16,10,16,1
663,1142,855,534,190,6,8,12,4,5,0
961,1002,512,285,185,11,6,10,7,19,0
1280,1392,1098,482,113,44,4,8,1,16,1
2189,602,1717,1571,141,50,8,7,5,16,2
531,1249,1193,605,140,55,3,18,10,13,0
2331,531,1657,158,121,12,4,18,12,20,1
794,1450,1639,1573,114,31,5,11,5,9,1
2644,1342,620,127,173,50,1,7,2,11,2
1666,832,1431,343,198,22,1,15,4,20,1
2157,867,724,289,159,57,4,8,6,18,1
1196,1404,1880,1703,151,44,1,10,6,5,1
2072,840,1591,1482,150,33,6,10,8,19,2
1590,1368,925,907,91,42,1,12,0,14,1
2916,1927,1506,491,190,11,8,16,11,18,3
3707,1714,627,287,120,31,2,5,1,19,3
726,1201,1723,1151,198,10,6,11,4,3,0
3577,1796,1363,1024,184,44,2,17,7,4,3
2627,1147,1134,1085,158,28,6,18,3,15,2
685,776,1803,991,146,20,4,15,11,7,0
1693,510,1897,1052,110,33,6,6,2,5,1
2137,1045,1564,1078,175,40,6,11,8,12,2
3696,1497,977,98,153,10,8,9,0,3,3
3771,1425,1648,396,89,33,3,10,3,9,3
1342,726,978,323,94,40,4,16,11,4,0
1379,1576,1551,410,148,20,3,17,1,16,1
1164,714,1857,1750,197,11,3,15,12,19,1
908,1595,1988,1475,88,63,1,18,13,6,1
1019,541,1873,1836,127,10,4,19,9,15,1
3685,1617,676,283,113,29,6,13,1,18,3
1470,1154,1240,539,98,5,1,12,0,12,1
2299,1638,563,440,189,2,1,19,9,9,2
999,1150,800,397,151,39,8,6,2,11,0
3011,1254,1021,204,149,44,1,7,4,12,2
3142,1806,727,347,117,54,1,13,0,6,3
1543,603,1284,1003,114,12,6,7,5,19,1
3692,1834,1987,0,99,40,4,13,0,16,3
2753,520,519,264,145,31,6,13,7,17,1
2156,565,703,543,158,50,2,13,6,6,1
2637,1689,675,467,150,9,5,8,4,3,2
331,742,925,875,104,21,8,11,8,7,0
1214,1143,1724,1116,125,22,3,12,5,16,1
2248,761,1945,1325,196,3,7,19,3,15,2
3073,959,1331,1313,196,36,5,19,1,8,3
422,772,1802,552,134,8,7,7,6,15,0
2293,1015,679,335,102,12,3,5,1,2,1
3958,1824,1105,50,103,2,1,12,2,19,3
432,1130,1327,593,130,29,1,6,1,10,0
1152,1183,1010,268,120,48,8,8,3,3,0
1303,574,1364,382,118,26,6,8,4,2,0
797,1472,892,443,169,20,2,6,1,11,0
298,1868,884,576,179,40,8,8,2,17,0
3847,1375,679,596,147,20,6,8,0,12,3
2110,881,636,115,160,64,3,18,9,6,1
1921,1742,1407,356,176,43,3,9,2,3,2
2423,1225,1567,10,107,60,2,17,11,6,2
1658,1970,1684,1399,132,15,2,15,9,20,2
2361,1186,584,68,160,21,8,17,8,7,1
1380,1762,790,643,157,60,4,14,5,14,1
3892,1731,1988,809,163,4,6,5,1,4,3
315,852,1349,683,160,8,5,7,6,20,0
2289,848,527,56,151,36,4,10,2,19,1
2182,1575,818,492,185,11,7,7,3,17,2
2184,1554,1492,699,105,23,6,13,9,20,2
2872,1972,804,290,92,48,8,7,2,11,3
2367,827,826,23,87,35,6,5,3,15,1
1919,1063,849,394,155,3,4,12,10,20,1
3296,1695,1742,713,84,34,5,17,6,14,3
462,1343,1205,1063,81,14,8,18,7,11,0
1591,834,1463,1421,123,27,1,11,9,20,1
1593,595,816,623,122,20,2,19,11,2,0
2456,1081,816,83,101,42,7,7,4,7,1
2933,911,1692,1563,199,14,4,16,3,11,3
3154,844,1995,777,197,22,7,14,11,7,3
3615,1335,559,83,180,60,2,5,2,9,3
3563,1883,915,203,87,24,1,17,10,3,3
1440,1128,1226,938,147,33,8,17,15,19,1
1907,826,1183,1077,117,57,2,15,14,5,1
324,1650,881,773,89,38,1,14,10,2,0
1404,1162,866,332,104,50,4,10,3,15,1
2738,1517,1645,570,169,8,4,18,16,12,2
2722,963,821,742,156,60,3,12,6,16,2
2294,1837,1539,1420,103,12,8,8,7,20,3
1424,1028,1923,1801,193,30,1,18,4,13,1
1133,1831,1790,1693,189,55,8,14,3,10,1
555,571,1536,31,101,58,6,19,10,11,0
3785,1770,1373,1098,183,9,6,13,10,14,3
3675,970,1786,1765,84,59,7,12,0,12,3
435,642,1775,887,86,38,5,9,2,2,0
3183,622,1964,760,193,11,8,5,0,4,2
3495,600,1032,486,199,6,2,17,4,7,2
1853,1412,660,2,86,57,3,15,10,18,1
2648,733,1787,202,138,16,4,12,0,19,2
2647,1070,1614,90,160,19,7,14,13,20,2
702,875,853,469,146,30,8,19,15,15,0
1836,1994,1546,86,189,5,2,12,11,18,2
3894,823,1350,1180,182,18,5,13,10,9,3
2944,1908,1046,140,111,30,2,19,17,17,3
3424,790,1437,1100,89,44,8,13,11,9,3
2678,1330,892,194,177,40,1,9,4,14,2
2424,1660,569,440,100,15,8,12,5,9,2
2671,1776,1803,1563,82,20,6,15,10,12,3
3078,1611,1011,163,199,27,1,15,2,6,2
2304,1410,1311,192,92,15,3,18,4,18,2
1146,1772,1405,837,159,45,2,6,1,17,1
2335,1280,588,356,108,39,7,6,4,2,1
1422,1712,663,155,155,23,7,5,0,15,1
2096,1562,1776,1032,140,55,8,15,3,3,2
1303,891,1435,40,153,18,6,17,16,4,0
1115,1957,1727,1194,151,36,2,16,2,18,1
456,1110,1262,1179,192,42,5,12,8,18,0
3396,875,969,902,104,43,8,14,2,18,3
2750,1211,963,58,130,28,2,6,1,14,2
941,769,1780,1385,112,54,4,15,8,20,0
2278,671,1617,614,95,2,6,13,4,2,2
2273,1872,1088,672,172,26,4,8,4,8,2
2355,1076,1718,1088,191,14,5,17,16,2,2
2328,1325,695,499,146,50,1,17,10,2,2
2638,911,763,157,182,28,2,8,4,13,1
558,1273,1399,485,178,23,6,8,5,13,0
1345,1062,817,571,124,39,4,16,0,11,0
425,1317,542,431,154,12,2,7,0,11,0
2192,940,1090,499,115,16,4,15,13,9,1
3397,729,1055,563,135,14,6,19,15,17,2
1208,1494,1003,944,93,3,7,14,13,17,1
267,1546,1491,1138,124,27,2,12,10,16,0
3518,1253,647,161,113,34,4,7,3,8,3
3122,895,1575,126,164,16,8,7,0,4,2
1050,793,1196,15,124,43,8,11,9,3,0
3358,1628,1713,500,136,56,2,17,11,12,3
2929,625,1771,203,138,42,8,10,4,17,2
624,1110,1950,961,153,12,8,9,7,15,0
1598,999,1970,608,132,49,1,7,0,8,1
2052,1856,1155,277,155,24,5,17,6,10,2
1249,1715,1849,114,120,15,6,16,2,4,1
412,1897,738,630,154,54,2,17,11,2,0
595,1202,1742,404,122,19,2,19,0,3,0
263,1171,755,248,167,19,7,6,5,8,0
2577,964,1234,225,86,22,8,17,16,5,2
639,1973,851,699,193,46,4,6,0,3,0
3206,1992,895,649,141,2,1,10,9,10,3
1550,546,1658,416,159,26,5,7,2,3,1
1646,1093,1420,1310,171,31,2,12,0,6,1
1930,1880,1983,930,200,35,4,17,7,15,2
3695,1765,1175,835,87,11,2,6,5,18,3
3235,1640,1806,664,87,36,8,6,1,10,3
2334,1830,1583,460,191,7,6,8,7,14,2
1998,826,1615,778,187,62,4,17,4,17,1
2258,1864,1545,225,142,7,1,10,1,10,2
1869,586,1118,785,121,42,7,12,2,7,1
1825,1206,1713,1581,127,30,3,7,1,4,2
3946,832,1944,9,165,5,5,12,5,14,3
436,848,1294,7,103,8,7,10,6,15,0
2678,1851,1175,174,112,53,6,6,0,8,2
3887,1166,638,437,80,59,1,8,6,7,3
1813,1776,623,278,172,35,4,16,13,20,1
817,1254,1372,1288,134,27,2,14,1,16,0
3614,1494,1190,979,101,24,1,15,12,9,3
2013,984,1931,56,119,39,8,11,7,16,1
543,1179,1429,913,154,5,5,8,7,18,0
3400,513,710,282,174,27,8,16,6,13,2
2623,557,710,322,89,17,6,17,16,16,1
2700,744,1963,1252,105,33,4,9,3,19,2
1400,1129,1702,1128,116,21,2,11,0,13,1
3127,1148,688,606,170,58,5,10,7,11,2
2803,1793,1459,655,175,44,5,19,9,6,3
2518,1310,970,954,150,15,5,18,17,5,2
3564,1604,1042,68,191,6,6,7,2,2,3
2515,1676,1197,134,145,37,1,14,8,4,2
3654,1001,1836,922,117,40,3,13,9,10,3
3930,1086,1976,1874,135,24,8,17,1,18,3
3476,1986,599,251,89,39,7,11,8,17,3
3242,634,1853,1362,192,41,1,18,11,4,3
2666,502,1159,281,82,52,6,5,4,20,2
1695,1641,1994,224,97,48,8,13,6,17,2
3510,623,844,778,189,15,3,14,4,18,2
3438,962,1424,546,161,17,8,14,3,20,3
2033,1057,891,397,97,41,4,16,9,2,1
1017,1862,1046,386,182,62,1,11,3,9,1
1686,555,1970,214,193,38,2,8,1,8,1
862,1000,833,461,135,58,5,7,0,20,0
957,841,675,125,81,11,5,6,5,11,0
3494,865,1009,335,89,16,4,13,3,14,3
3083,999,1641,342,165,56,4,8,4,11,2
1656,1232,761,625,131,30,6,8,4,15,1
313,1194,509,494,165,34,2,15,1,19,0
3282,612,1487,1145,179,20,8,16,2,18,3
3629,1362,1042,600,186,47,6,19,17,5,3
1687,1469,711,484,169,44,2,15,5,5,1
1149,986,679,199,182,28,4,8,7,18,0
3899,1843,832,21,104,62,3,5,4,6,3
1783,1561,1811,885,134,4,2,13,12,10,2
1629,1695,1208,308,189,47,5,8,6,11,1
2528,667,1947,1015,185,8,1,11,8,8,2
3256,1768,1814,1303,88,2,7,9,6,5,3
2341,1269,1036,406,180,41,8,10,9,16,2
2785,1109,833,124,151,57,1,15,10,16,2
3761,936,1677,150,164,14,3,13,1,12,3
1513,1713,1963,108,199,5,6,15,6,2,1
2240,1175,557,90,167,45,2,10,6,5,1
820,1940,1809,588,194,5,4,19,18,3,1
1875,855,1196,1028,159,59,2,16,8,8,1
920,771,1247,776,157,33,3,16,2,10,0
3615,645,584,278,174,63,4,18,8,13,2
1412,1307,1103,897,88,7,7,16,9,5,1
361,1948,700,651,136,5,1,6,1,10,0
1540,1509,1684,1010,81,50,4,12,8,3,1
1077,626,1759,737,109,11,2,6,1,4,0
3610,1190,1646,1399,93,40,5,13,7,9,3
512,1727,1288,376,158,57,6,5,2,6,0
3024,1670,1330,1117,114,62,8,6,0,20,3
1610,1150,1947,234,134,27,1,11,0,16,1
2201,1208,1028,691,175,16,1,17,16,12,1
3338,1812,1550,380,162,42,7,18,13,11,3
3473,770,1483,603,196,61,4,7,3,4,3
2203,1559,681,117,114,10,8,7,5,15,1
940,1902,877,766,155,13,4,14,10,15,1
1155,1751,1952,1499,146,4,8,19,14,12,1
3872,1416,1578,1175,93,20,4,10,2,7,3
1882,1288,1503,988,115,61,6,16,6,10,2
1798,1003,1905,190,119,16,8,16,7,10,1
2598,1715,1375,674,96,18,6,17,2,3,3
1567,1967,1374,518,199,46,1,15,2,7,1
1491,962,1916,1618,125,2,1,16,2,14,1
2003,1487,989,857,120,42,2,12,4,3,2
3905,1569,665,371,190,54,4,6,2,4,3
291,1146,583,73,111,57,5,19,9,11,0
1693,1379,755,98,118,9,8,11,4,18,1
1788,1504,1853,395,152,25,4,13,11,13,1
3322,1945,1540,1064,112,26,6,18,7,20,3
1751,1630,1726,712,80,32,6,12,10,20,2
1641,1125,939,774,117,23,1,14,8,12,1
2854,614,1040,1012,178,51,7,10,7,12,2
3115,854,1148,730,101,17,4,7,0,2,2
3259,1470,1090,777,121,45,1,10,1,14,3
1612,1826,1633,973,172,49,8,17,9,17,2
2319,807,829,245,127,37,4,5,4,4,1
1258,1996,1083,937,138,7,5,17,14,16,1
1543,1083,1164,937,158,41,5,18,3,10,1
3991,1035,1171,574,178,49,2,12,4,19,3
3555,1521,1630,678,143,62,1,5,2,19,3
3411,1314,512,82,87,5,4,17,16,18,3
524,535,1775,398,190,24,8,9,3,4,0
3541,673,1570,1096,142,35,6,18,17,4,3
1998,1219,1698,1419,169,4,6,9,2,4,2
3437,1606,770,157,200,33,5,11,1,2,3
1637,1603,1207,430,114,17,2,17,3,11,1
3064,1958,1848,1524,153,52,1,7,6,3,3
2855,695,1829,1649,196,12,2,16,13,7,2
1393,1441,954,254,106,53,1,9,4,4,1
1633,1470,1988,1790,138,33,7,18,4,4,2
2392,1890,1832,1438,127,48,4,10,4,15,3
3284,1152,1673,1304,82,26,2,15,2,8,3
464,1619,1180,813,117,20,6,7,5,16,0
1234,1002,1007,948,180,45,7,19,13,18,0
292,742,1288,1161,139,36,3,8,0,6,0
2521,1306,1258,867,174,33,3,6,5,16,2
2658,1424,1199,181,180,20,5,15,0,19,2
587,942,1532,754,91,27,4,6,3,13,0
2190,1934,1127,242,118,2,4,18,1,9,2
879,1290,742,405,110,35,4,16,2,8,0
1743,930,1763,1569,80,54,1,7,1,9,2
1181,1699,1099,105,156,21,4,16,0,18,1
3330,1849,1986,978,181,29,7,14,4,15,3
3564,1922,1882,725,153,42,8,12,1,17,3
562,548,1657,657,146,56,4,17,14,8,0
1659,916,1393,1147,82,47,4,11,10,11,1
1816,1783,1566,910,183,14,8,12,7,7,2
1338,1083,503,295,156,49,5,16,8,5,0
2992,1698,508,26,131,7,8,15,3,17,2
315,1969,764,332,85,7,8,16,7,7,0
3249,869,533,519,197,2,7,19,0,12,2
3242,1337,1029,161,200,5,4,10,1,20,2
2725,637,1289,1080,194,28,4,15,10,7,2
586,833,1290,649,145,27,4,19,8,19,0
2454,1248,1686,71,89,9,3,9,8,13,2
804,1174,1244,744,147,30,4,17,14,16,0
2460,1831,1113,437,148,44,7,10,5,18,2
1295,1002,1111,115,146,27,1,18,15,17,0
2625,1010,957,547,139,8,5,15,11,12,2
1999,1117,1035,495,177,21,2,15,9,2,1
2698,990,1717,1466,153,15,2,11,8,6,2
3742,1564,1115,117,129,26,6,13,3,13,3
1193,1065,1722,760,158,21,5,16,13,20,1
3511,1982,1873,764,129,24,7,16,14,15,3
885,1607,1005,776,192,20,2,11,1,14,0
1044,1066,1504,53,167,5,5,8,7,11,0
2548,681,1702,371,194,17,5,6,1,5,2
2940,1163,818,728,132,19,2,13,0,15,2
3966,1285,1896,1791,199,11,5,17,15,2,3
3484,753,1316,606,121,48,8,11,10,16,3
1246,1779,1717,1225,90,5,1,12,2,20,1
2757,987,736,419,83,52,3,17,12,15,2
2378,511,1264,367,136,24,3,18,3,4,1
1794,1044,1263,1230,104,12,6,18,7,19,1
3933,1855,1161,267,187,32,8,7,0,7,3
1637,946,891,273,186,26,6,7,3,6,0
783,657,1905,705,110,21,8,6,1,11,0
3094,1673,679,214,182,42,5,12,4,20,2
1774,731,1032,424,130,28,8,12,8,10,1
256,926,793,84,161,59,7,18,7,2,0
1365,1261,1429,605,86,52,2,9,3,16,1
2339,618,1586,1175,188,45,3,19,2,10,2
2049,936,938,657,129,57,2,12,8,5,1
3241,1485,1023,371,158,28,5,14,11,11,3
867,1339,1441,833,80,21,4,8,3,3,0
2175,508,1195,102,82,50,5,14,4,14,1
3497,1938,1935,1299,121,44,2,18,10,18,3
609,995,1889,258,104,10,4,11,3,5,0
3285,1086,1150,56,111,43,6,11,5,17,2
3684,1322,708,443,157,35,1,15,8,6,3
3586,1864,1793,1279,181,57,6,19,9,8,3
2322,1944,712,313,92,26,4,19,8,7,2
354,581,565,523,180,56,2,10,4,13,0
3204,1020,1482,919,128,27,4,18,1,9,3
1400,1936,1021,570,139,44,3,17,7,3,1
2308,1329,682,380,198,23,8,11,10,9,1
1082,808,529,119,105,46,8,15,5,10,0
3104,994,839,296,164,40,2,17,7,11,2
2847,1811,614,358,82,22,2,9,2,4,2
2256,765,1851,1364,88,44,8,6,1,19,2
1113,993,1639,424,106,16,7,14,1,6,0
3210,1136,1030,961,150,32,6,10,3,8,3
3990,719,1727,431,113,23,6,14,9,12,3
984,733,1739,950,105,63,7,17,4,9,0
3117,1946,1849,647,123,8,8,6,0,2,3
1622,1230,1963,1960,111,48,7,18,17,16,2
2967,1577,1432,116,105,64,3,7,3,7,3
1037,1514,538,306,138,12,3,15,3,15,0
2908,579,1517,808,89,7,8,12,4,11,2
1167,574,1334,94,126,30,2,5,3,19,0
2715,1072,877,380,114,19,8,15,9,16,2
1734,843,732,593,119,16,7,17,8,14,1
2259,1492,1746,1684,85,11,3,14,12,19,3
2921,1807,1415,1221,125,16,3,8,5,17,3
1244,909,1643,410,146,47,3,14,10,16,0
3132,1876,1211,600,98,64,3,17,0,2,3
2488,1436,1411,189,106,23,5,8,4,8,2
1052,1251,591,308,133,29,6,11,9,11,0
2927,636,742,148,152,28,2,15,6,3,2
2090,1354,918,297,136,26,4,5,1,13,1
2131,930,1726,1050,190,34,4,7,2,6,2
3362,1830,1882,1191,117,47,1,13,10,11,3
1053,1424,1663,1399,80,23,4,14,11,16,1
1799,583,1794,1658,88,51,8,16,9,7,1
3124,648,1817,1153,109,54,5,5,0,13,3
1672,1203,510,35,109,11,2,17,13,19,0
1552,1777,874,553,100,15,4,10,8,10,1
1938,1299,908,46,83,64,6,19,8,5,1
3202,1494,1177,207,129,47,2,13,1,14,3
1302,527,1924,67,128,53,1,13,7,13,0
2296,793,1006,818,179,64,4,12,0,5,1
575,873,1411,1257,152,8,7,15,8,7,0
2359,722,1371,138,93,12,6,13,6,3,1
3314,1250,1020,11,167,20,5,6,5,6,2
440,1358,1635,889,147,60,3,14,10,13,0
2002,1035,1709,831,173,11,6,17,8,5,1
3167,1289,1854,713,161,16,6,14,8,20,3
3480,1445,1393,527,82,37,2,17,16,17,3
595,1702,1643,1284,107,47,2,10,0,19,1
2466,534,1220,911,85,2,5,5,3,18,2
1337,628,1534,1047,87,60,6,12,7,14,1
1462,713,1477,123,98,53,1,19,18,13,0
503,1207,681,406,112,58,8,7,3,5,0
2066,683,1135,927,197,30,7,9,0,15,1
708,594,528,407,196,27,5,17,5,17,0
2029,537,1430,1041,103,55,7,10,5,12,1
308,1565,1364,781,121,38,5,19,17,7,0
552,1052,1839,1191,195,6,4,6,1,11,0
2082,713,1760,103,89,63,2,15,10,12,1
3314,1766,1227,125,141,16,5,9,7,17,3
3996,584,1343,919,199,19,4,12,9,17,3
1795,1541,1656,536,109,5,4,7,3,4,1
594,837,1831,638,104,51,5,16,6,20,0
2473,935,1087,639,155,58,5,10,4,9,2
690,665,1804,496,185,31,5,5,2,15,0
3845,680,1418,686,157,34,2,15,1,4,3
2004,877,1985,1064,195,17,7,11,8,9,1
2083,1493,1414,240,102,53,5,19,15,20,2
2661,1762,704,525,83,26,6,9,7,4,2
1903,842,730,348,124,57,3,8,4,14,1
2466,925,1520,1262,196,56,1,8,0,5,2
3779,1692,1904,1899,106,2,1,9,3,7,3
3904,1576,789,258,139,5,3,5,1,7,3
265,1065,1948,1188,162,48,6,8,0,12,0
1417,958,751,730,200,60,1,10,4,19,0
1769,623,1238,484,197,26,7,10,1,16,1
2948,897,1852,547,171,17,1,12,3,5,2
2572,1110,1455,800,152,41,3,16,5,16,2
3267,616,513,347,150,21,7,17,9,19,2
1459,1680,1231,679,168,37,4,15,3,2,1
1633,1715,1676,1224,94,12,8,15,10,5,2
2052,983,1205,948,130,45,4,5,3,6,1
1086,720,1234,366,165,14,4,14,7,3,0
2402,1660,1777,223,169,24,2,12,10,14,2
3376,1564,1962,1619,108,42,2,7,0,7,3
1507,592,970,332,103,52,7,5,0,4,0
641,969,909,167,158,44,3,9,1,8,0
3451,1356,951,782,131,35,1,5,2,17,3
1607,504,1129,881,189,14,7,15,0,10,0
3521,1546,1317,91,101,6,1,15,11,9,3
1241,689,722,487,147,7,2,9,0,16,0
881,1685,1429,120,137,16,7,6,3,17,0
2563,1792,1913,1626,170,62,7,18,14,15,3
3033,1786,865,74,123,61,3,14,11,17,3
769,1944,1079,634,132,59,7,19,13,3,0
3454,1077,1079,334,131,49,4,17,11,2,3
819,648,1811,931,195,60,4,10,3,4,0
435,1702,1351,921,185,2,6,12,9,3,0
586,1571,956,805,150,30,7,10,9,4,0
650,856,1931,1057,125,19,6,17,0,10,0
3038,1786,912,616,115,14,4,18,0,14,3
3736,914,840,740,198,60,5,14,8,5,3
2948,1615,678,542,117,9,1,8,3,3,2
739,649,1551,344,190,19,7,18,1,2,0
686,1646,1608,211,200,25,2,8,6,11,0
841,1189,615,79,164,7,2,13,10,11,0
1183,1043,893,887,83,29,8,5,3,8,0
3943,1920,1152,670,131,19,3,13,0,4,3
1037,1220,1249,383,109,54,7,6,4,15,0
2633,1748,1109,718,114,53,4,16,0,9,2
3911,907,896,144,160,44,3,13,6,8,3
1958,1193,1904,1442,158,20,7,7,5,2,2
3297,1766,1318,291,122,22,8,7,5,16,3
3141,1278,1775,1352,170,24,3,6,2,11,3
3351,1234,725,209,174,17,6,12,9,19,2
2355,1961,1888,861,100,55,7,14,7,6,3
1308,1745,1629,426,105,3,3,5,0,2,1
991,1442,642,266,127,27,5,14,8,7,0
3248,1083,542,523,173,39,8,8,6,6,2
1519,868,1311,40,137,5,4,13,0,2,0
493,864,1436,262,88,53,6,18,9,10,0
1747,1142,769,623,114,2,6,7,0,14,1
2517,608,1351,4,94,64,4,16,8,7,1
1389,983,1176,1001,187,53,1,17,8,8,1
2522,1720,896,334,188,2,5,10,5,2,2
1885,1802,963,453,116,27,5,10,9,7,2
704,591,1726,952,196,16,7,14,5,4,0
953,1205,1870,321,163,10,6,18,11,20,0
3206,1369,1469,1451,108,28,1,16,15,4,3
928,713,1123,1048,94,42,1,12,10,9,0
2177,1082,724,398,101,2,4,12,2,17,1
2610,1719,520,417,187,52,3,10,1,11,2
489,1544,844,470,186,12,7,9,4,2,0
3839,1090,1670,1217,128,8,8,17,3,11,3
1861,1991,1037,298,181,15,1,8,5,17,1
299,1367,642,36,176,56,2,6,2,10,0
340,1179,1451,85,182,32,2,16,5,16,0
3606,721,1255,655,102,15,5,10,0,5,3
799,1549,990,167,91,62,4,7,3,9,0
2367,1349,623,212,134,46,6,11,7,10,1
445,1799,1386,617,123,30,3,10,8,10,0
3927,1075,1769,271,122,11,1,8,3,7,3
3756,684,1738,159,157,63,5,17,5,12,3
770,1837,872,786,162,36,4,14,1,15,0
1641,1619,562,46,138,21,1,7,2,13,1
2343,965,1275,645,197,13,8,17,12,15,2
2787,730,1677,1371,122,9,4,10,8,7,2
2495,1361,1382,881,169,47,5,8,7,16,2
3208,1494,790,449,158,45,5,11,9,4,3
1234,1027,534,338,146,18,7,7,4,14,0
1069,1807,1814,1332,97,38,8,7,6,7,1
3568,709,1531,119,130,11,5,16,14,3,3
3585,689,823,256,103,45,5,10,1,10,3
1974,955,1254,428,155,2,4,14,1,18,1
2419,1872,1879,1546,111,35,3,15,5,19,3
340,1259,1989,1210,97,13,2,17,13,4,0
2282,695,1211,789,169,41,8,5,2,17,1
298,1969,756,390,132,63,4,10,1,10,0
968,759,1317,110,162,39,2,6,2,2,0
2391,936,1686,1330,153,18,3,12,6,3,2
1534,1176,1455,674,168,62,2,6,2,17,1
696,1802,590,253,101,10,7,14,7,3,0
2782,772,1805,317,97,23,7,7,0,17,2
755,1318,661,183,136,45,2,18,3,9,0
3746,591,1603,892,90,16,6,5,0,5,3
2651,569,605,388,124,41,1,17,7,4,1
1341,764,539,52,124,45,8,19,1,12,0
2651,1056,979,914,101,37,3,15,5,3,2
1824,1982,593,287,80,12,5,13,3,14,1
1905,1830,1353,773,160,14,6,16,3,19,2
1456,1122,1163,675,156,40,7,9,3,20,1
3155,1023,1985,367,153,63,7,11,10,7,3
773,1283,980,510,93,33,3,17,7,2,0
1829,1602,1800,1325,99,35,7,18,17,13,2
3883,732,1836,1661,163,32,8,12,2,5,3
1675,1854,718,665,195,33,1,14,12,9,1
1601,718,997,662,93,30,3,10,9,12,1
1958,897,994,0,154,2,8,7,5,7,1
2376,1405,1036,284,107,8,4,19,6,11,2
1647,798,1951,661,110,21,2,12,2,3,1
3548,1035,1912,757,157,40,5,14,4,5,3
2694,1396,1177,560,134,37,4,18,3,19,2
2195,1749,775,470,178,49,1,5,4,4,2
2506,1588,822,146,148,4,5,5,3,11,2
2073,1600,1710,1315,94,16,4,9,5,4,2
3767,1522,1696,533,162,21,6,15,9,16,3
1150,1279,1633,560,105,7,6,7,2,7,1
841,719,1141,405,102,6,6,9,1,2,0
1675,544,610,227,129,7,5,13,4,17,0
1301,1007,831,479,185,21,8,8,6,12,0
1817,590,509,227,141,32,6,10,0,6,0
2321,1788,1022,149,141,6,6,7,5,20,2
1974,748,709,88,110,25,7,17,5,13,1
3433,757,819,114,157,64,7,6,5,10,2
1205,1561,874,662,174,27,3,12,7,3,1
872,1327,1721,441,89,23,7,7,5,4,0
2052,797,1466,888,81,18,8,9,3,14,1
3654,727,711,664,193,64,1,9,1,16,3
1503,686,745,64,194,36,4,10,0,13,0
3104,1515,1247,747,176,24,5,6,5,20,3
343,555,1010,956,163,17,5,19,14,3,0
3430,1589,1397,776,112,5,5,7,5,19,3
2470,1976,1933,652,136,45,4,11,1,3,3
1396,1884,1179,1168,149,24,6,15,8,9,1
2668,1063,582,201,86,27,6,12,5,19,2
1457,672,1127,724,194,61,5,14,10,20,0
2452,635,1299,599,110,16,7,19,17,8,2
1871,1906,629,3,113,55,3,13,5,4,1
1112,1753,1983,1652,191,40,4,8,2,15,1
967,659,657,190,85,3,8,10,1,14,0
2498,1583,1673,1171,148,14,2,13,6,8,2
387,1783,1979,1081,104,42,6,14,5,3,1
635,1667,1396,1211,138,21,2,17,7,15,0
2711,640,1353,976,143,6,8,15,7,8,2
2023,1913,742,675,111,29,5,17,13,8,2
2215,538,537,455,163,25,7,9,3,17,1
824,1191,807,42,89,46,6,19,18,7,0
3851,816,1651,1196,117,9,1,10,3,14,3
2156,915,986,503,199,33,2,7,3,13,1
2885,1157,1798,1694,88,27,8,8,4,2,3
495,1201,558,306,99,10,7,15,6,14,0
2358,1379,885,838,129,18,2,10,5,15,2
1744,1483,651,291,169,53,5,6,3,10,1
1832,1614,1219,173,161,9,3,15,8,11,1
2016,930,1289,1017,144,4,8,13,10,16,1
1300,1454,1018,698,199,6,3,10,0,2,1
2313,1784,1437,610,164,41,6,14,1,11,2
3248,1262,737,223,149,34,5,13,3,4,2
2216,797,1167,206,144,37,7,9,5,6,1
3142,1829,1919,1457,91,59,5,16,6,5,3
1850,1139,999,742,161,58,2,9,4,8,1
1424,618,724,591,80,13,4,15,12,7,0
1620,1547,957,347,114,57,1,9,2,19,1
2592,586,854,241,83,15,3,12,8,3,1
296,1617,1426,743,85,36,1,5,3,7,0
3579,1882,743,4,113,44,8,19,8,20,3
1180,674,1809,576,198,21,3,6,3,4,0
3962,1467,1099,888,122,18,5,15,11,5,3
3978,858,1416,528,84,50,1,17,16,3,3
668,794,1890,1222,106,2,6,13,4,19,0
2032,1965,1965,915,187,39,4,11,10,16,2
3057,1911,1632,868,108,36,8,9,1,5,3
869,1512,670,336,145,46,5,18,10,19,0
3919,510,754,483,168,45,6,19,4,2,3
